<assembly>
    <id>${project.artifactId}</id>
    <formats>
        <format>tar.gz</format>
    </formats>
    <includeBaseDirectory>false</includeBaseDirectory>

    <dependencySets>
        <dependencySet>
            <outputDirectory>lib</outputDirectory>
        </dependencySet>
    </dependencySets>

    <fileSets>
        <fileSet>
            <directory>deploy/env/templates</directory>
            <outputDirectory>templates/conf</outputDirectory>
            <includes>
                <include>*</include>
            </includes>
            <filtered>true</filtered>
        </fileSet>

        <fileSet>
            <directory>scripts</directory>
            <outputDirectory>bin</outputDirectory>
            <includes>
                <include>*.sh</include>
            </includes>
            <lineEnding>unix</lineEnding>
            <fileMode>0755</fileMode>
            <filtered>true</filtered>
        </fileSet>
    </fileSets>
</assembly>
