[
  {
    "output": "kafka",
    "naughtyStringsPerc": 20,
    "kafkaProps": {
      "topicName": "topicTestAvro",
      "numberOfEvents": 10,
      "bootstrapServers": "s00vl9995007.fr.net.intra:9092,s00vl9995011.fr.net.intra:9092",
      "schemaRegistry": "https://s00vl9995011.fr.net.intra:8081",
      "withSSL": true,
      "securityProps": {
        "sslTrustStoreLocation": "",
        "sslTrustStorePassword": "",
        "sslKeyStoreLocation": "",
        "sslKeyStorePassword": "",
        "sslKeyPassword": "",
        "sslSRKeyStoreLocation": "",
        "sslSRKeyStorePassword": ""
      }
    },
    "schemaAvro": {
      "name": "Event",
      "type": "record",
      "namespace": "bnpparibas.itr.event",
      "fields": [
        {
          "name": "nom",
          "type": "string",
          "doc": "lastName"
        },
        {
          "name": "prenom",
          "type": "string",
          "doc": "firstName"
        },
        {
          "name": "age",
          "type": "int"
        }
      ]
    }
  },
  {
    "output": "csv",
    "naughtyStringsPerc": 20,
    "csvProps": {
      "targetDir": "directory",
      "fileName": "myFile",
      "archiveName": "Archive",
      "numberOfLines": 150,
      "numberOfFiles": 3,
      "withHeader": true,
      "withArchive": false,
      "csvOptions": {
        "separator": ";",
        "quoteChar": "\u0000",
        "escapeChar": "\"",
        "lineEnd": "\n"
      }
    },
    "schemaAvro": {
      "name": "Event",
      "type": "record",
      "namespace": "bnpparibas.itr.event",
      "fields": [
        {
          "name": "nom",
          "type": "string",
          "doc": "lastName"
        },
        {
          "name": "prenom",
          "type": "string",
          "doc": "firstName"
        },
        {
          "name": "email",
          "type": "string",
          "doc": "email"
        },
        {
          "name": "phone",
          "type": "string",
          "doc": "phone"
        }
      ]
    }
  }
]
