<?xml version="1.0" encoding="UTF-8"?>
<configuration>
    <appender name="rolling" class="ch.qos.logback.core.rolling.RollingFileAppender">
        <encoder class="com.bnpparibas.itr.dda.logging.ddp.layouts.logback.LogbackDdpEncoder">
            <laas_apcode>ap12529</laas_apcode>
            <laas_type>data-generator-logs</laas_type>
            <laas_retention>week</laas_retention>
            <laas_token>h42hmlg79e</laas_token>
            <apName>rdb-datagenerator</apName>
            <apVersion>1.0</apVersion>
            <organizationalEntity>ITR RDB Data Mechanisms</organizationalEntity>
            <env>DEV</env>
        </encoder>
        <file>logs/datagenerator.log</file>
        <rollingPolicy class="ch.qos.logback.core.rolling.SizeAndTimeBasedRollingPolicy">
            <!-- rollover daily -->
            <fileNamePattern>logs/datagenerator-%d{yyyy-MM-dd}.%i.log</fileNamePattern>
            <!-- each file should be at most 10MB, keep 7 days worth of history-->
            <maxFileSize>10MB</maxFileSize>
            <maxHistory>7</maxHistory>
        </rollingPolicy>
    </appender>

    <appender name="stdout" class="ch.qos.logback.core.ConsoleAppender">
        <encoder>
            <pattern>%d{HH:mm:ss.SSS} %level [%thread] %logger [%file : %line] %msg%n</pattern>
        </encoder>
    </appender>

    <logger name="com.bnp.datahub" level="debug" additivity="false">
        <appender-ref ref="stdout"/>
        <appender-ref ref="rolling"/>
    </logger>

    <root level="info">
        <appender-ref ref="stdout"/>
        <appender-ref ref="rolling"/>
    </root>

</configuration>