nom;prenom;email;phone
Klocko;Jaden;Denita.King@email.com;0656135252
Walsh;Clinton;Randolph.Fadel@email.com;0683944658
Koch;Jenelle;Hiram.Marvin@email.com;0629585727
Gislason;Hoyt;Debrah.Durgan@email.com;0610759132
Flatley;Zelpha;Oran.Koelpin@email.com;0622310643
Beer;Earnest;Kris.Schmidt@email.com;073655291
Hilpert;Haywood;Denice.Reichert@email.com;0647013929
Davis;Eric;Lauryn.Osinski@email.com;0712273451
Kuhlman;Kandy;Willie.Kuhlman@email.com;0751962316
Grimes;Leila;Billye.Reynolds@email.com;0646854975
Crist;Virdie;Donaciano.Willms@email.com;0775367284
Jaskolski;Donal;Alvia.Deckow@email.com;0642299631
Batz;Gracia;Sherrill.Shields@email.com;0671661607
Blick;Celesta;Melisa.Jaskolski@email.com;0725160827
Huel;Cassandra;Portia.Trantow@email.com;0717711022
Harris;Payton;Elizebeth.Bailey@email.com;0687140520
Quitzon;Zenobia;Nayely.Moore@email.com;0730578921
D\Amore;Serena;Mitzi.Block@email.com;0668454744
D\Amore;Lennie;Faron.Funk@email.com;0674338189
Stracke;Lenord;Jovita.Shanahan@email.com;0616873140
O\Kon;Luann;Brinda.Willms@email.com;0721435554
Roberts;Holli;Cinnamon.Walter@email.com;0662753890
Mante;Estelle;Claribel.Gulgowski@email.com;078021705
Mann;Iyanna;Franklin.O\Hara@email.com;0680323800
Christiansen;Flint;North.Baumbach@email.com;0659136415
Bradtke;Maura;Enos.Turcotte@email.com;0766474027
Hegmann;Traci;Raven.Orn@email.com;0696034537
Quitzon;Wood;Elwin.Halvorson@email.com;0750174073
Cartwright;Faustino;Vonnie.Windler@email.com;0693672817
Larson;Iola;Ammie.Padberg@email.com;0692437534
Windler;Tariq;Basil.Kub@email.com;0611784935
Stiedemann;Tristan;Hayes.Collins@email.com;0699461711
Leuschke;Karlee;Levy.Barrows@email.com;0669063530
Greenfelder;Mckayla;Hadley.Zulauf@email.com;0616036225
Schinner;Bell;Ely.Abbott@email.com;0630398707
Marks;Jarrod;Jamiya.White@email.com;0641554766
Lynch;Lashonda;Marlene.Crist@email.com;0723549585
Kassulke;Dona;Clabe.Sporer@email.com;0766388489
Boyle;Valinda;Niki.Rippin@email.com;0697275558
Lubowitz;Beryl;Kailey.Balistreri@email.com;063051433
Lang;Caylee;Jerrica.Hoeger@email.com;0629987681
Schaefer;Landyn;Berkley.Bergstrom@email.com;0784294226
Ortiz;Ted;Annabella.Schowalter@email.com;0665765694
Paucek;Michal;Mariel.McKenzie@email.com;0647706826
Murray;Delcie;Jedidiah.Cronin@email.com;0674962730
Hyatt;Jabbar;Ruthe.Gerlach@email.com;0716489384
Crist;Winnifred;Bishop.Tillman@email.com;0676243382
Russel;Morgan;Adonis.Considine@email.com;0633617449
Torphy;Lilla;Winnifred.Hodkiewicz@email.com;0759294453
Lehner;Kandi;Rashaad.Bernhard@email.com;0764625667
Goodwin;Olar;Maximo.Trantow@email.com;0648243867
Wolf;Jovany;Bobby.Hudson@email.com;0615633446
Hodkiewicz;Francesco;Mozell.Weber@email.com;0772830801
Ortiz;Destini;Verlene.Bednar@email.com;0630273571
Price;Darlene;Linnie.Wyman@email.com;0710346446
Ruecker;Corbin;Sumner.Reichert@email.com;0653818208
McLaughlin;Mekhi;Harriet.Cartwright@email.com;0766774212
Kirlin;Alfonzo;Orilla.Ferry@email.com;0754910114
Stehr;Gunda;Toya.Romaguera@email.com;0772208170
Gibson;Virgil;Levie.Barrows@email.com;0749532328
Boehm;Alize;Council.Steuber@email.com;0720454113
Keebler;Shaquan;Loring.Franecki@email.com;0630016742
Roberts;Georgie;Del.Kozey@email.com;0762626476
Bernier;Fredie;Rian.Beahan@email.com;0755259438
Heller;River;Dillard.Reinger@email.com;0688038722
West;Destinee;Latrell.Gleichner@email.com;0670919282
Erdman;Powell;Ezekiel.Graham@email.com;0630459847
Kris;Donna;Enrique.Veum@email.com;0642960805
Swaniawski;Tristen;Mattye.Reichert@email.com;0630723950
Bernhard;Kaiya;Zenobia.Bogisich@email.com;0763038255
Ledner;Volney;Steven.Jacobson@email.com;0753884818
Ryan;Matie;Dollye.Labadie@email.com;0714679159
Bayer;Vester;Taylor.Boyle@email.com;0711282701
Armstrong;Racheal;Princess.Bahringer@email.com;0692868164
Jaskolski;Gregorio;Cornelia.Volkman@email.com;0650181876
O\Hara;Vikki;Sergio.Gutmann@email.com;0617828847
Bernhard;Immanuel;Avery.Mohr@email.com;0668324149
Feil;Shelly;Theresa.Homenick@email.com;0786219421
Littel;Traci;Rueben.Krajcik@email.com;0766674729
Schmidt;Loretta;Luz.Bartoletti@email.com;0710602360
Johnson;Ottie;Ashli.Berge@email.com;0743943298
McKenzie;Mariyah;Chanel.Rutherford@email.com;069343965
Hammes;Dustyn;Renita.Daugherty@email.com;0789257353
Beier;Jaydin;Genevieve.Heidenreich@email.com;0740734427
Wilkinson;Harlan;Erland.King@email.com;0787678259
Pfannerstill;Mariah;Cohen.Nicolas@email.com;0647899141
Jenkins;Nataly;Kaden.Schaefer@email.com;0764127778
Gulgowski;Gerard;Tory.Roberts@email.com;0669466931
Pfeffer;Kathryn;Akeelah.Luettgen@email.com;0774795909
Fisher;Ofelia;Carleton.Sporer@email.com;0674809757
Tromp;Dolores;Kaitlyn.Maggio@email.com;078125136
McKenzie;Alaya;Reuben.Schoen@email.com;0732030900
Zboncak;Lavern;Chelsy.Stehr@email.com;0646887171
Marvin;Allyn;Carrol.Cummerata@email.com;0619283115
Brekke;Hattie;Jarrod.Ferry@email.com;0758471491
Bailey;Austin;Edwina.Sanford@email.com;0673771997
Spencer;Bolden;Estella.Macejkovic@email.com;0630681099
Lynch;Michel;Adriane.Swaniawski@email.com;0718736809
Marquardt;Phoenix;Sibyl.Mertz@email.com;0645213517
Mraz;Remington;Sylvania.Toy@email.com;0789113446
Turcotte;Dwyane;Jaylah.Legros@email.com;0770739439
Schaefer;Ean;Shasta.Howe@email.com;0771608825
Conn;Landon;Mozella.Simonis@email.com;0718679855
O\Kon;Illa;Winona.Dooley@email.com;061054082
Cole;Winifred;Ala.Schmeler@email.com;0718467220
Schamberger;Carsen;Clarence.Koss@email.com;0616735553
Dickinson;Margarette;Camden.Bosco@email.com;0794014660
Kutch;Kazuo;Brenna.Balistreri@email.com;0631604164
Lemke;Britt;Wheeler.Casper@email.com;0696114013
Graham;Esley;Nicola.Mertz@email.com;0658057997
Hettinger;Megan;Alvy.Hickle@email.com;0735422468
Torp;Kaden;Lila.Zieme@email.com;0637263149
Fahey;Brody;Terrance.Stanton@email.com;0787121625
Schaefer;Chauncey;Trinity.Will@email.com;0674120217
Romaguera;Nolen;Irwin.Abernathy@email.com;062116292
Hessel;Erin;Mickie.Leannon@email.com;0735730086
Kshlerin;Karon;Orville.Harber@email.com;0789405611
Halvorson;Florian;Shiloh.Kuhlman@email.com;0767795966
Weimann;Chaim;Lillia.Cremin@email.com;074410535
Trantow;Kristian;Loriann.Zemlak@email.com;065786480
O\Conner;Shari;Kendal.Lesch@email.com;0761639079
Barton;Lott;Kendal.Stiedemann@email.com;0645581667
Kuhic;Grayson;Hiram.Walker@email.com;0649860376
Hayes;Reina;Aidan.Keebler@email.com;0641556677
Kilback;Treva;Lanie.D\Amore@email.com;0740712750
Lubowitz;Bernita;Xiomara.Glover@email.com;0725631539
Weimann;Charlie;Elvin.Fisher@email.com;0666298300
Larkin;Icey;Hildegarde.Simonis@email.com;0655467157
Olson;Mart;Delvin.Toy@email.com;0635501669
Dooley;Orlando;Althea.Upton@email.com;066832260
Streich;Jami;Kali.Hilll@email.com;0674564133
Tremblay;Lisha;Che.Osinski@email.com;0674687965
Hills;Leyla;Noemi.McDermott@email.com;0696818724
Nikolaus;Fed;Kattie.Brekke@email.com;0733290821
Goyette;Linna;Angeline.Shanahan@email.com;0644062284
Wilkinson;Dana;Gideon.Smitham@email.com;0682849002
Lueilwitz;Aryanna;Elisha.Bosco@email.com;0693570886
DuBuque;Jairo;Amarion.Satterfield@email.com;0693957798
Wiegand;Icy;Meryl.Turner@email.com;067960434
Schamberger;Micayla;Bell.Rohan@email.com;064652942
Vandervort;Ladarius;Khalid.Feest@email.com;0627380557
Spencer;Kallie;Clyda.Kihn@email.com;0758007178
Maggio;Kimberley;Jeanetta.Schiller@email.com;0787055360
Glover;Aliya;Dora.Bahringer@email.com;0711105087
O\Connell;Kamari;Walker.Schneider@email.com;0670650649
Lebsack;Mitchel;Nina.Cruickshank@email.com;0612085346
Kovacek;Leopoldo;Landan.Mante@email.com;0748549703
Pollich;Mendy;Seldon.Simonis@email.com;0627519947
Reichel;Algernon;Pepper.McClure@email.com;0695199943
Wyman;Cato;Litha.White@email.com;0646646241
