nom;prenom;email;phone
Kunde;Hannah;Brea.Tromp@email.com;0763828785
Hermann;Delila;Pepper.Hessel@email.com;0621276121
Herzog;Kyle;Fidencio.Shields@email.com;0756829133
Bins;Clarinda;Garold.Wisoky@email.com;0613682625
Bogan;Dedra;Emory.Lindgren@email.com;0754104028
Howell;Braydon;Renee.Heidenreich@email.com;0713634363
Bashirian;Haylee;Marshall.Quitzon@email.com;0710206074
Hagenes;Greggory;Valencia.Champlin@email.com;0740223497
Okuneva;Anjanette;Collier.Lueilwitz@email.com;0737228461
Leffler;Larkin;Ozzie.Dare@email.com;0716787999
Deckow;Averi;Kadin.Sporer@email.com;0621978658
Steuber;Blanca;Adams.Armstrong@email.com;0653418982
Prosacco;Roena;Tiera.Hand@email.com;0669432416
Steuber;Filomena;Oline.Reinger@email.com;0630057300
Upton;Lindsey;Annetta.Block@email.com;0784313278
Dibbert;Berenice;Monique.Harber@email.com;0638572542
Stroman;Echo;Edd.Dare@email.com;0764013341
Deckow;Rebeca;Benita.Boyle@email.com;0767568716
Corkery;Abagail;Leia.Gleichner@email.com;0732443625
Morissette;Odis;Ovila.Gaylord@email.com;061410670
Langosh;Bettye;Hoy.Reichert@email.com;0665663794
Satterfield;Hillard;Killian.Jaskolski@email.com;078232311
Lubowitz;Winnie;Noel.Reilly@email.com;0631812989
Dibbert;Tyrique;Francesco.Quigley@email.com;0750932258
Roberts;Dempsey;Jami.Armstrong@email.com;0617242247
Moore;Devan;Sydni.Kohler@email.com;0638330121
Nicolas;Beatrix;German.Christiansen@email.com;0745532450
Kling;Anna;Lula.Hackett@email.com;0645846237
Abshire;Eliza;Cheri.Abshire@email.com;0733984449
Hodkiewicz;Mike;Vessie.Bogan@email.com;0636889817
Schroeder;Jere;Mackenzie.Schiller@email.com;0799965255
Hirthe;Katharine;Add.Howe@email.com;0746351924
Dach;Evaline;Harvey.Senger@email.com;0640098468
Metz;Melton;Theodocia.Quitzon@email.com;0715291771
Schmidt;Khari;Erna.Rolfson@email.com;0683890362
Mills;Jabbar;Fayette.Kilback@email.com;0668244095
Spinka;Triston;Lorrie.Swaniawski@email.com;0794945456
Gaylord;Florance;Inga.Walter@email.com;0697839510
Ruecker;Vera;Almedia.Jakubowski@email.com;0674740318
Yundt;Mai;Jayden.Morar@email.com;0658675279
Jakubowski;Ainsley;Glen.Erdman@email.com;0661963608
Armstrong;Burnie;Willodean.Rice@email.com;0672681436
Mertz;Waneta;Imelda.Lubowitz@email.com;0692241614
Lemke;Ivanna;Hernan.Ratke@email.com;0753853651
Lubowitz;Margueritte;Delphin.Bernhard@email.com;0677110759
Schmitt;Celine;Alvis.Pfannerstill@email.com;0699662268
Hoeger;Kailyn;Aleah.Cremin@email.com;079749309
Nikolaus;Bettye;Martell.Kutch@email.com;071068599
Davis;Illya;Wellington.Ebert@email.com;0681395990
Sipes;Buna;Ewell.Rutherford@email.com;0728493479
Stokes;Naomi;Myrtle.Eichmann@email.com;0763558260
O\Kon;Iza;Vallie.Bradtke@email.com;0787474488
Schuster;Cassius;Kaela.Brekke@email.com;0787710030
Spinka;Penni;Patric.Pollich@email.com;0692234802
Kuhn;Carli;Isam.Berge@email.com;0653986759
Kovacek;Scottie;Edmund.Beatty@email.com;0698343568
Jerde;Lidie;Isreal.Wolf@email.com;0748361804
Balistreri;Erna;Arietta.Hammes@email.com;0621673492
Doyle;Kimberlee;Maybelle.Stamm@email.com;071934481
Schaefer;Cleon;Alexandra.Cormier@email.com;0761618376
White;Tamisha;Alvan.Dach@email.com;0743342190
Champlin;Shaniya;Janel.Bahringer@email.com;0629127471
Jacobs;Jorge;Gale.Bogan@email.com;0666016769
Gaylord;Joell;Earlene.Kerluke@email.com;0616888543
Fisher;Gurney;Josefita.Ruecker@email.com;0789276438
Schoen;Darwin;Katelin.Weimann@email.com;0665714674
Powlowski;Toma;Bristol.Schroeder@email.com;0649269079
D\Amore;Gunda;Paloma.Schimmel@email.com;0752215424
Mayert;Catina;Vennie.Hamill@email.com;0663498349
Luettgen;Jewell;Fleeta.Mosciski@email.com;0764116007
Schroeder;Kathryn;Brinda.Mraz@email.com;0790454119
Torphy;Willard;Jeptha.Lockman@email.com;0788286181
Quigley;Lovisa;Oda.Gutkowski@email.com;0763083737
Baumbach;Mykel;Hildegarde.Kautzer@email.com;0611843276
Marks;Brittnie;Monroe.Lind@email.com;0758173597
Dare;Anastacia;Lemmie.Block@email.com;0791212032
Jerde;Kaia;Sandra.Spencer@email.com;0728996064
Lebsack;Luanne;Estell.Hane@email.com;0744886668
Kreiger;Arthur;Cadence.Armstrong@email.com;061722972
Herzog;Philomena;Haylee.Paucek@email.com;0688633223
Larkin;Jeffrey;Kendra.Kemmer@email.com;0739440775
Jones;Stefanie;Nash.Blick@email.com;071499566
Murray;Sabastian;Shae.Schmitt@email.com;0616650925
Thiel;Diane;Levon.Mayer@email.com;0685734034
Abshire;Luella;Hanson.Stehr@email.com;0790880614
Bartell;Avis;Devonta.Renner@email.com;0629658453
Schumm;Xena;Khalilah.Heathcote@email.com;0721942779
Willms;Darion;Olen.Hamill@email.com;0721551267
Cronin;Woody;Benjamin.Satterfield@email.com;0789369755
Adams;Leandro;Maebelle.Haley@email.com;0638174308
Mosciski;Harrison;Ivey.Bernier@email.com;0756537519
Schulist;Lionel;Eller.Braun@email.com;0756227120
Welch;Bedford;Tera.Bernier@email.com;0795914483
Brown;Ila;Clint.Connelly@email.com;0613561948
Kub;Sabina;Stacey.Zulauf@email.com;0697984570
Schuster;Briley;Grecia.Gottlieb@email.com;0651848632
Berge;Barrie;Marlana.Roberts@email.com;0754755653
Kuhlman;Melton;Shianne.Torp@email.com;0778570711
Champlin;Shelby;Vergie.Schumm@email.com;0781075478
Zieme;Adriana;Edmonia.Beier@email.com;0622186265
Schulist;Lacy;Jalisa.Wehner@email.com;0610814268
Steuber;Kamari;Roderic.Bauch@email.com;0694171120
Ruecker;Angelia;Arvid.Murphy@email.com;0649169085
Baumbach;Jules;Holly.Leuschke@email.com;0750501759
Willms;Delfina;Miranda.Stark@email.com;0675165615
Jones;Reino;Elwin.O\Kon@email.com;0737281485
Weber;Dolph;Bush.Rau@email.com;0647936696
Williamson;Wood;Erwin.Hettinger@email.com;0682568101
Nader;Lesli;Herminia.Stokes@email.com;0647259397
Gibson;Albertha;Cassandra.Stoltenberg@email.com;0726094718
Thiel;Levi;Geoffrey.Emmerich@email.com;0771013546
Steuber;Georgetta;Akeelah.Zieme@email.com;072717684
Price;Amaris;Hollie.Armstrong@email.com;0730796141
Kertzmann;Sonja;Dayna.Jakubowski@email.com;0745318209
Leuschke;Irvin;Asher.Abernathy@email.com;0648919804
Ruecker;Ariel;Toya.Stoltenberg@email.com;0790407281
Harber;Trayvon;Hillery.Predovic@email.com;0737271909
Crooks;Mathilda;Sussie.Koss@email.com;0791634744
Farrell;Jaiden;Nello.Eichmann@email.com;0755327601
Kessler;Annabel;Lakeisha.Walker@email.com;0757016096
Gorczany;Jammie;Jamil.Bartoletti@email.com;0772044323
Kreiger;Estrella;Elmer.Zemlak@email.com;0615853261
Hoppe;Tishie;Brigette.Pacocha@email.com;0634276430
McKenzie;Serenity;Leonor.Stanton@email.com;0698304913
Morissette;Clabe;Robbie.Runte@email.com;0746869283
Goldner;Maleah;Leamon.Keebler@email.com;0661846792
Rogahn;Tobin;Lilia.Steuber@email.com;0641927663
O\Hara;Zena;Jameson.Sawayn@email.com;0616419640
Sporer;Syreeta;Gregoria.Marks@email.com;0740688867
Kozey;Dimitrios;Clevie.Hyatt@email.com;0661869694
Herman;Delfina;Zela.Farrell@email.com;0740050792
Halvorson;Gwyn;Unknown.Trantow@email.com;0682846006
Muller;Seward;Cydney.Bechtelar@email.com;0733876200
Emmerich;Takisha;Kizzy.Mills@email.com;0693530872
Spinka;Shaunna;Acey.Stokes@email.com;0658608702
Wiegand;Lauryn;Ansel.McCullough@email.com;0692628159
Dietrich;Dola;Hardin.Schamberger@email.com;0715232110
Weimann;Lelia;Aaliyah.Maggio@email.com;0746551150
Kessler;Adriana;Carlene.Brown@email.com;0629339747
Lueilwitz;Ansel;Francina.Tremblay@email.com;0650990341
Deckow;Nanie;Adel.Erdman@email.com;0788899111
Haley;Rhea;Dennie.Jacobson@email.com;0689049077
Strosin;Cordaro;Estes.Boehm@email.com;0740344845
Balistreri;Kareem;Nobie.Grimes@email.com;0765354774
Schroeder;Lempi;Mustafa.Schultz@email.com;0643114844
Kutch;Collier;Merl.Osinski@email.com;0639014085
Schultz;Cloyd;Sharla.Miller@email.com;0672192227
Yost;Grafton;Ingrid.Bins@email.com;072428301
Waters;Celestia;Zechariah.Kulas@email.com;075542688
Spinka;Lynda;Burnice.Cremin@email.com;0717510491
