nom;prenom;email;phone
Beatty;Stacy;Willia.Koch@email.com;069748710
Corkery;Mart;Ofelia.Mitchell@email.com;0745656742
Stracke;Leigh;Wanda.Douglas@email.com;0733117946
Borer;Nina;Joesph.Reichel@email.com;079410938
Paucek;Robyn;Leonie.Marks@email.com;0637988176
Stanton;Kadin;Waylon.Sanford@email.com;0695708879
Abbott;Darwyn;Kelley.Borer@email.com;0763348533
Carroll;Clara;Rona.Pollich@email.com;0711386720
Prohaska;Loren;Dorthy.Waters@email.com;0721885837
Parker;Montana;Jaylynn.Witting@email.com;0756513693
Carter;Halle;Birt.Kunze@email.com;0797467939
Stroman;Allyson;Merton.Langworth@email.com;0793779795
Cruickshank;Rutherford;Colon.Tromp@email.com;0616183167
Windler;Terra;Math.Weissnat@email.com;0715497769
Bosco;Keri;Kerrie.Schiller@email.com;0633494289
Durgan;Lanette;Suzanne.Sawayn@email.com;0651455460
Goyette;Cierra;Tyra.Blanda@email.com;0772057648
Schaden;Waylon;Hobert.Hammes@email.com;0615745655
Langworth;Jeffery;Jayson.Fahey@email.com;0788428528
Schowalter;Henderson;Kaylie.Kunde@email.com;0798000842
Kertzmann;Sibyl;Americo.Jast@email.com;0697097749
Wehner;Bea;Cornelious.Stehr@email.com;0679575863
Zboncak;Bennie;Collier.Bahringer@email.com;0626823624
Lind;Tamie;Silvia.Eichmann@email.com;0714108250
McCullough;Cathy;Leslie.Abshire@email.com;0750207065
Graham;Annetta;Danita.Boyle@email.com;0692550903
Von;Carisa;Wheeler.Hirthe@email.com;0666465105
McDermott;Damion;Wilhelmine.Kub@email.com;0619211181
Stehr;Kael;Nelie.Hyatt@email.com;0615101737
Moen;Vicki;Giuseppe.Von@email.com;0774783715
Bechtelar;Bryant;Nolia.Abbott@email.com;0752739963
Bednar;Katharine;Christen.Feest@email.com;0695440441
Champlin;Breanna;Crystal.Jenkins@email.com;0724531958
Walker;Loris;Shane.Becker@email.com;0674547978
Bauch;Marvel;Etna.Zieme@email.com;0762185299
Block;Leslee;Harvy.Dickens@email.com;0713786678
Goyette;Nolia;Mallory.Waters@email.com;065165532
Keeling;Gail;Shameka.Metz@email.com;0636119548
Bartoletti;Kim;Karyme.Mertz@email.com;0684363007
Boyle;Esco;Boysie.Wiza@email.com;0797701899
Lebsack;Rinda;Emogene.Veum@email.com;0775280196
Cremin;Vikki;Hughes.Von@email.com;0747498896
Hayes;Bettina;Claud.Kuhic@email.com;0622940330
Kessler;Mell;Shaquan.Hilpert@email.com;0651138744
Orn;Daxton;Alvis.Tromp@email.com;0752900105
Walker;Shenna;Gonzalo.D\Amore@email.com;0629740848
Tillman;Daxton;Jermain.Wiza@email.com;0770198443
Kunde;Misty;Melissia.Walker@email.com;06477212
Cruickshank;Westley;Quint.Langosh@email.com;0636091410
Powlowski;Dino;Milburn.Weimann@email.com;0780025465
Becker;Halley;Claudine.Herzog@email.com;0777410708
Harber;Shiloh;Alvera.White@email.com;0628543035
Deckow;Hayley;Iliana.Marks@email.com;0711451038
Flatley;Calista;Tamera.Ziemann@email.com;0778869666
D\Amore;Karyme;Jarrell.Kertzmann@email.com;0635774369
Stamm;Francisca;Ismael.Rowe@email.com;0690161255
Klein;Barnard;Latrina.Breitenberg@email.com;0634782069
Bernhard;Birdella;Adlai.Bahringer@email.com;0616577675
Kunze;Drusilla;Demarion.Murazik@email.com;0744385756
Willms;Ginny;Quint.Emard@email.com;0733845747
Harber;Ott;Kristian.Reinger@email.com;0654992408
Haag;Kiley;Osvaldo.Reichel@email.com;064479721
Stracke;Branson;Zula.Krajcik@email.com;0617328033
Stoltenberg;Audry;Ermine.Osinski@email.com;066061052
Reichel;Orie;Armani.Dickinson@email.com;0790613573
Lockman;Enriqueta;Gust.Hammes@email.com;0782938946
Corkery;Roger;Dandre.Hessel@email.com;0681948455
Lakin;Arlie;Phylis.Denesik@email.com;0743323358
Tillman;Elizabet;Zain.Langosh@email.com;0659140558
Corkery;Fuller;Sigmund.Anderson@email.com;0650841090
Cassin;Ora;Samuel.Johnston@email.com;0687594797
Nicolas;Thyra;Cydney.Howe@email.com;0717132727
Conn;Eola;Lorelei.Windler@email.com;0689746881
Feil;Erykah;Ayana.Daugherty@email.com;0651345531
Cruickshank;Salvador;Zachery.Beer@email.com;0721007572
Abbott;Perla;Yael.Nicolas@email.com;0730874230
Gerhold;Eleonora;Rosalind.Schinner@email.com;0676826640
Senger;Brayden;Darion.Kshlerin@email.com;0686170137
Jewess;Mellisa;Dan.Nader@email.com;0748302695
Waelchi;Vernie;Missouri.Heathcote@email.com;067477298
Hickle;Kathrine;Coy.Donnelly@email.com;0650078666
Frami;Muhammad;Joetta.Kohler@email.com;0741862819
Heller;Mildred;Carra.Reichert@email.com;0747544454
Goodwin;Anona;Junie.Bednar@email.com;0634972102
O\Connell;Jalon;Glynis.Hayes@email.com;0683866947
Crooks;Yandel;Quintin.Dibbert@email.com;0680424532
Schulist;Sharyl;Madisen.Lesch@email.com;064904067
Rosenbaum;Philomena;Rashaan.Schuster@email.com;0744757239
McClure;Darron;Arther.Nicolas@email.com;0642725234
Torp;Buena;Jessica.Schroeder@email.com;0740205012
Satterfield;Hazen;Sibbie.Friesen@email.com;0616295356
Bayer;Maiya;Chace.Miller@email.com;069772921
Wolf;Dario;Natalia.Prosacco@email.com;0623629222
Wolff;Zilpha;Arno.Abernathy@email.com;065894686
McLaughlin;Garrett;Ryan.Harvey@email.com;0658778255
Senger;Urijah;Ann.O\Conner@email.com;0738210679
Hoppe;Alyssa;Reinaldo.McDermott@email.com;0673723591
Goodwin;Ivana;Carlyn.Hahn@email.com;0783406310
Beer;Taya;Ines.Reichel@email.com;0778165377
Von;Genoveva;Thresa.Rippin@email.com;0758022905
Rippin;Gretta;Rayan.Lindgren@email.com;0663828913
Herzog;Bristol;Verda.Casper@email.com;0619498306
Windler;Victory;Bluford.Kerluke@email.com;0640843934
Abbott;Cristi;Bernhard.Anderson@email.com;0770812147
Cronin;Lossie;Dana.Heaney@email.com;0719964831
Towne;Jadiel;Adolph.Reichel@email.com;0730912244
Johnson;Verna;Nadine.Tremblay@email.com;0628202579
Homenick;Lyric;Bailey.Huels@email.com;0721471527
Greenholt;Damian;Leighton.Rau@email.com;0674604363
Beatty;Crystal;Butch.Kub@email.com;0698041779
Yost;Alondra;Gwyneth.Kassulke@email.com;068048454
D\Amore;Salome;Yajaira.Haley@email.com;0626216904
Schoen;Thedore;Junia.Kuvalis@email.com;0794403318
Hamill;Nicholaus;Clydie.Sauer@email.com;0790827682
Raynor;Vida;Duff.Braun@email.com;0787853192
Tromp;Jammie;Jasen.Towne@email.com;0735488170
Beahan;Trish;Gage.Schmeler@email.com;0760725990
Kerluke;Dot;Nettie.Yost@email.com;0644151631
Wolff;Arvil;Walton.Reichel@email.com;0785685551
Kautzer;Shani;Jonna.Corwin@email.com;0685814087
Wolf;Jeanie;Lexi.Grady@email.com;0697565461
D\Amore;Cliffie;Brionna.Von@email.com;0793631339
Batz;Linzy;Corina.Morissette@email.com;0716759081
Schroeder;Budd;Lem.Cummerata@email.com;0631805306
Murphy;Corwin;Ryne.Gaylord@email.com;0656297654
Toy;Eppie;Delphine.Orn@email.com;072996576
Gerhold;Luz;Kiya.Hilpert@email.com;0636871777
Stehr;Littleton;Eller.Carter@email.com;0652055185
Langosh;Hadley;Zachery.Crooks@email.com;071698621
Kemmer;Mayra;Lyle.Brakus@email.com;0639333155
Gutmann;Cortney;Unnamed.Kuvalis@email.com;0657570434
Stark;Amya;Beckett.Johnston@email.com;0614811302
VonRueden;Ottie;Kanesha.Mueller@email.com;0691543255
Beatty;Seymour;Hildred.Sporer@email.com;0670055833
Gulgowski;Brea;Madeline.Emard@email.com;0734244727
Rohan;Winton;Danielle.West@email.com;0726047645
Lind;Vera;Mason.Cartwright@email.com;0732753751
Crist;Tye;Azaria.Zemlak@email.com;0658022272
Nitzsche;Corrina;Reba.Stiedemann@email.com;0723692928
Haag;Tessa;Adelaide.Strosin@email.com;0770877974
Murazik;Irine;Tyrel.Renner@email.com;0730885955
Fay;Arielle;Calla.Botsford@email.com;0787982985
Lindgren;Donnie;Maude.Raynor@email.com;0785783865
Durgan;Doyle;Joesph.Johns@email.com;0644043893
Cassin;Selene;Pedro.Schoen@email.com;0661649828
Lehner;Lon;Tisa.Roberts@email.com;0675327239
Schuppe;Garrick;Floy.Kertzmann@email.com;066348043
Larson;Claribel;Benjamine.Murphy@email.com;0665192467
Reynolds;Addyson;Marci.Kohler@email.com;0728114470
Schimmel;Jaslyn;Malaki.Thiel@email.com;0766493019
