nom;prenom;email;phone;rootCorrelationId;parentCorrelationId
Graham;Frona;Davin.Hilpert@email.com;0741284723;bccbc3df-cca9-11e8-a0ae-0340a2c69a59;c022b775-cca9-11e8-a7aa-47b83a8e70df
Altenwerth;Diya;Elbert.Hyatt@email.com;0736293604;bccbc3df-cca9-11e8-a0ae-0340a2c69a59;c022b775-cca9-11e8-a7aa-47b83a8e70df
Windler;Sonny;Glenna.Champlin@email.com;073122581;bccbc3df-cca9-11e8-a0ae-0340a2c69a59;c022b775-cca9-11e8-a7aa-47b83a8e70df
Fritsch;Kayleen;Anjanette.Lemke@email.com;0791425862;bccbc3df-cca9-11e8-a0ae-0340a2c69a59;c022b775-cca9-11e8-a7aa-47b83a8e70df
Muller;Jakobe;Nicolette.Macejkovic@email.com;0789920872;bccbc3df-cca9-11e8-a0ae-0340a2c69a59;c022b775-cca9-11e8-a7aa-47b83a8e70df
Harber;Oswaldo;Lucy.Sanford@email.com;072984718;bccbc3df-cca9-11e8-a0ae-0340a2c69a59;c022b775-cca9-11e8-a7aa-47b83a8e70df
Sanford;Cara;Chauncy.Wilkinson@email.com;0639721250;bccbc3df-cca9-11e8-a0ae-0340a2c69a59;c022b775-cca9-11e8-a7aa-47b83a8e70df
Waelchi;Marisela;Sloane.Lubowitz@email.com;0691977314;bccbc3df-cca9-11e8-a0ae-0340a2c69a59;c022b775-cca9-11e8-a7aa-47b83a8e70df
Glover;Bird;Ashby.Simonis@email.com;0720328164;bccbc3df-cca9-11e8-a0ae-0340a2c69a59;c022b775-cca9-11e8-a7aa-47b83a8e70df
Schoen;Ignacio;Cory.Schoen@email.com;0774591566;bccbc3df-cca9-11e8-a0ae-0340a2c69a59;c022b775-cca9-11e8-a7aa-47b83a8e70df
Roob;Jadon;Estefani.Roob@email.com;0712217496;bccbc3df-cca9-11e8-a0ae-0340a2c69a59;c022b775-cca9-11e8-a7aa-47b83a8e70df
Tillman;Zachary;Etta.Lang@email.com;0711777316;bccbc3df-cca9-11e8-a0ae-0340a2c69a59;c022b775-cca9-11e8-a7aa-47b83a8e70df
Ruecker;Elberta;Gilford.Renner@email.com;0791111873;bccbc3df-cca9-11e8-a0ae-0340a2c69a59;c022b775-cca9-11e8-a7aa-47b83a8e70df
Langworth;Jazlynn;Ewell.Koch@email.com;0626340171;bccbc3df-cca9-11e8-a0ae-0340a2c69a59;c022b775-cca9-11e8-a7aa-47b83a8e70df
Lockman;Catherine;Bush.Hegmann@email.com;0691252266;bccbc3df-cca9-11e8-a0ae-0340a2c69a59;c022b775-cca9-11e8-a7aa-47b83a8e70df
Krajcik;Orion;Alphonsus.Ritchie@email.com;0777213622;bccbc3df-cca9-11e8-a0ae-0340a2c69a59;c022b775-cca9-11e8-a7aa-47b83a8e70df
DuBuque;Carlie;Deann.Hagenes@email.com;0616758680;bccbc3df-cca9-11e8-a0ae-0340a2c69a59;c022b775-cca9-11e8-a7aa-47b83a8e70df
Welch;Magan;Melba.Powlowski@email.com;0624062869;bccbc3df-cca9-11e8-a0ae-0340a2c69a59;c022b775-cca9-11e8-a7aa-47b83a8e70df
Becker;Manda;Maynard.O\Connell@email.com;0699053302;bccbc3df-cca9-11e8-a0ae-0340a2c69a59;c022b775-cca9-11e8-a7aa-47b83a8e70df
Blanda;Carissa;Koen.Lebsack@email.com;0611864605;bccbc3df-cca9-11e8-a0ae-0340a2c69a59;c022b775-cca9-11e8-a7aa-47b83a8e70df
Orn;Thomasina;Johannah.Keebler@email.com;0741566937;bccbc3df-cca9-11e8-a0ae-0340a2c69a59;c022b775-cca9-11e8-a7aa-47b83a8e70df
Wintheiser;Dwane;Maryjo.Altenwerth@email.com;0799311536;bccbc3df-cca9-11e8-a0ae-0340a2c69a59;c022b775-cca9-11e8-a7aa-47b83a8e70df
Feeney;Jazlynn;Geary.Welch@email.com;0738159630;bccbc3df-cca9-11e8-a0ae-0340a2c69a59;c022b775-cca9-11e8-a7aa-47b83a8e70df
Osinski;Lesley;Aleta.Schmitt@email.com;0760742726;bccbc3df-cca9-11e8-a0ae-0340a2c69a59;c022b775-cca9-11e8-a7aa-47b83a8e70df
Smitham;Claire;Dakota.Marks@email.com;0784610933;bccbc3df-cca9-11e8-a0ae-0340a2c69a59;c022b775-cca9-11e8-a7aa-47b83a8e70df
Beahan;Damon;Chelsie.Stroman@email.com;0651054653;bccbc3df-cca9-11e8-a0ae-0340a2c69a59;c022b775-cca9-11e8-a7aa-47b83a8e70df
Hirthe;Camilla;Emmons.Hettinger@email.com;0710351873;bccbc3df-cca9-11e8-a0ae-0340a2c69a59;c022b775-cca9-11e8-a7aa-47b83a8e70df
Becker;Adell;Harris.Weissnat@email.com;0765291092;bccbc3df-cca9-11e8-a0ae-0340a2c69a59;c022b775-cca9-11e8-a7aa-47b83a8e70df
Hagenes;Blane;Jaycob.Harvey@email.com;0773499024;bccbc3df-cca9-11e8-a0ae-0340a2c69a59;c022b775-cca9-11e8-a7aa-47b83a8e70df
Hintz;Jerry;Bennie.Johns@email.com;0634837703;bccbc3df-cca9-11e8-a0ae-0340a2c69a59;c022b775-cca9-11e8-a7aa-47b83a8e70df
Mohr;Denisse;Cal.Schmeler@email.com;0624152492;bccbc3df-cca9-11e8-a0ae-0340a2c69a59;c022b775-cca9-11e8-a7aa-47b83a8e70df
Luettgen;Garnett;Ah.Kemmer@email.com;0676215824;bccbc3df-cca9-11e8-a0ae-0340a2c69a59;c022b775-cca9-11e8-a7aa-47b83a8e70df
Mohr;Pasquale;Becky.Johns@email.com;0783848913;bccbc3df-cca9-11e8-a0ae-0340a2c69a59;c022b775-cca9-11e8-a7aa-47b83a8e70df
Smitham;Lise;Jay.Jones@email.com;0768337447;bccbc3df-cca9-11e8-a0ae-0340a2c69a59;c022b775-cca9-11e8-a7aa-47b83a8e70df
Miller;Jeannie;Eben.Murazik@email.com;0779995106;bccbc3df-cca9-11e8-a0ae-0340a2c69a59;c022b775-cca9-11e8-a7aa-47b83a8e70df
Smitham;Weldon;Virge.Brakus@email.com;0616754584;bccbc3df-cca9-11e8-a0ae-0340a2c69a59;c022b775-cca9-11e8-a7aa-47b83a8e70df
Flatley;Ray;Kizzie.Krajcik@email.com;0767711909;bccbc3df-cca9-11e8-a0ae-0340a2c69a59;c022b775-cca9-11e8-a7aa-47b83a8e70df
Kuvalis;Ed;Laurel.Hegmann@email.com;0629997012;bccbc3df-cca9-11e8-a0ae-0340a2c69a59;c022b775-cca9-11e8-a7aa-47b83a8e70df
Mante;Lakesha;Penni.Rolfson@email.com;0633677957;bccbc3df-cca9-11e8-a0ae-0340a2c69a59;c022b775-cca9-11e8-a7aa-47b83a8e70df
Wiegand;Yamilex;Kerry.White@email.com;0744339508;bccbc3df-cca9-11e8-a0ae-0340a2c69a59;c022b775-cca9-11e8-a7aa-47b83a8e70df
Denesik;Kinsey;Gretchen.Hagenes@email.com;0751383021;bccbc3df-cca9-11e8-a0ae-0340a2c69a59;c022b775-cca9-11e8-a7aa-47b83a8e70df
Ferry;Noe;Deforest.Bernhard@email.com;0691897403;bccbc3df-cca9-11e8-a0ae-0340a2c69a59;c022b775-cca9-11e8-a7aa-47b83a8e70df
Langosh;Kaylen;Kierra.Kertzmann@email.com;0763836469;bccbc3df-cca9-11e8-a0ae-0340a2c69a59;c022b775-cca9-11e8-a7aa-47b83a8e70df
Nader;Tari;Maury.Doyle@email.com;0654009082;bccbc3df-cca9-11e8-a0ae-0340a2c69a59;c022b775-cca9-11e8-a7aa-47b83a8e70df
Koch;Octave;Mekhi.Wehner@email.com;0736159693;bccbc3df-cca9-11e8-a0ae-0340a2c69a59;c022b775-cca9-11e8-a7aa-47b83a8e70df
Ferry;Jarrett;Aili.Macejkovic@email.com;0745367121;bccbc3df-cca9-11e8-a0ae-0340a2c69a59;c022b775-cca9-11e8-a7aa-47b83a8e70df
Lynch;Stacy;Cody.Runolfsson@email.com;0647676246;bccbc3df-cca9-11e8-a0ae-0340a2c69a59;c022b775-cca9-11e8-a7aa-47b83a8e70df
Bayer;Seneca;Pryor.Koch@email.com;0611098229;bccbc3df-cca9-11e8-a0ae-0340a2c69a59;c022b775-cca9-11e8-a7aa-47b83a8e70df
Corwin;Shane;Jaydin.Howe@email.com;0729255065;bccbc3df-cca9-11e8-a0ae-0340a2c69a59;c022b775-cca9-11e8-a7aa-47b83a8e70df
Zulauf;Jase;Frida.Harris@email.com;0767988096;bccbc3df-cca9-11e8-a0ae-0340a2c69a59;c022b775-cca9-11e8-a7aa-47b83a8e70df
Shields;Caryn;Dayanara.Haag@email.com;079789949;bccbc3df-cca9-11e8-a0ae-0340a2c69a59;c022b775-cca9-11e8-a7aa-47b83a8e70df
VonRueden;Woodson;Latoria.Walter@email.com;0649058709;bccbc3df-cca9-11e8-a0ae-0340a2c69a59;c022b775-cca9-11e8-a7aa-47b83a8e70df
Willms;Steward;Tiffanie.Stark@email.com;0799456150;bccbc3df-cca9-11e8-a0ae-0340a2c69a59;c022b775-cca9-11e8-a7aa-47b83a8e70df
Funk;Emily;Alexzander.Goldner@email.com;0651979687;bccbc3df-cca9-11e8-a0ae-0340a2c69a59;c022b775-cca9-11e8-a7aa-47b83a8e70df
Kunze;Gurney;Rodger.Schneider@email.com;074053352;bccbc3df-cca9-11e8-a0ae-0340a2c69a59;c022b775-cca9-11e8-a7aa-47b83a8e70df
Skiles;Lidia;Alejandro.Jewess@email.com;0739521143;bccbc3df-cca9-11e8-a0ae-0340a2c69a59;c022b775-cca9-11e8-a7aa-47b83a8e70df
Watsica;Marissa;Dayne.Mills@email.com;0757054241;bccbc3df-cca9-11e8-a0ae-0340a2c69a59;c022b775-cca9-11e8-a7aa-47b83a8e70df
Quitzon;Trudie;Adeline.Mraz@email.com;0614851930;bccbc3df-cca9-11e8-a0ae-0340a2c69a59;c022b775-cca9-11e8-a7aa-47b83a8e70df
Jaskolski;Madilyn;Juliette.Beahan@email.com;0665607183;bccbc3df-cca9-11e8-a0ae-0340a2c69a59;c022b775-cca9-11e8-a7aa-47b83a8e70df
Wolff;Vernell;Princess.Dare@email.com;0627786104;bccbc3df-cca9-11e8-a0ae-0340a2c69a59;c022b775-cca9-11e8-a7aa-47b83a8e70df
Schmitt;Cherelle;Teresa.Funk@email.com;0675255599;bccbc3df-cca9-11e8-a0ae-0340a2c69a59;c022b775-cca9-11e8-a7aa-47b83a8e70df
Cruickshank;Caryl;Kenney.Mosciski@email.com;0654420444;bccbc3df-cca9-11e8-a0ae-0340a2c69a59;c022b775-cca9-11e8-a7aa-47b83a8e70df
Bergnaum;Amalie;Dwane.Herman@email.com;0641501622;bccbc3df-cca9-11e8-a0ae-0340a2c69a59;c022b775-cca9-11e8-a7aa-47b83a8e70df
Hayes;Katarina;Mason.Gibson@email.com;068865058;bccbc3df-cca9-11e8-a0ae-0340a2c69a59;c022b775-cca9-11e8-a7aa-47b83a8e70df
Reilly;Mae;Migdalia.Schumm@email.com;0659756724;bccbc3df-cca9-11e8-a0ae-0340a2c69a59;c022b775-cca9-11e8-a7aa-47b83a8e70df
Hegmann;Lassie;Shanna.Schuppe@email.com;079777154;bccbc3df-cca9-11e8-a0ae-0340a2c69a59;c022b775-cca9-11e8-a7aa-47b83a8e70df
Kilback;Margurite;Macarthur.McCullough@email.com;0623252723;bccbc3df-cca9-11e8-a0ae-0340a2c69a59;c022b775-cca9-11e8-a7aa-47b83a8e70df
Bernhard;Herb;Judi.Heidenreich@email.com;0660671977;bccbc3df-cca9-11e8-a0ae-0340a2c69a59;c022b775-cca9-11e8-a7aa-47b83a8e70df
Stokes;Mckenna;Trystan.Ratke@email.com;0770948397;bccbc3df-cca9-11e8-a0ae-0340a2c69a59;c022b775-cca9-11e8-a7aa-47b83a8e70df
Ziemann;Orval;Erna.Gerhold@email.com;0734461795;bccbc3df-cca9-11e8-a0ae-0340a2c69a59;c022b775-cca9-11e8-a7aa-47b83a8e70df
Kemmer;Deane;Casimiro.Berge@email.com;0665062199;bccbc3df-cca9-11e8-a0ae-0340a2c69a59;c022b775-cca9-11e8-a7aa-47b83a8e70df
Kirlin;Roscoe;Nigel.Jakubowski@email.com;0790585177;bccbc3df-cca9-11e8-a0ae-0340a2c69a59;c022b775-cca9-11e8-a7aa-47b83a8e70df
Hamill;Sharita;Jaylene.Konopelski@email.com;0618319683;bccbc3df-cca9-11e8-a0ae-0340a2c69a59;c022b775-cca9-11e8-a7aa-47b83a8e70df
Hauck;Jackeline;Krissy.Kunze@email.com;0649775525;bccbc3df-cca9-11e8-a0ae-0340a2c69a59;c022b775-cca9-11e8-a7aa-47b83a8e70df
Parker;Evelin;Dilan.Jewess@email.com;0724989523;bccbc3df-cca9-11e8-a0ae-0340a2c69a59;c022b775-cca9-11e8-a7aa-47b83a8e70df
Gaylord;Alvah;Benton.Bode@email.com;0670050284;bccbc3df-cca9-11e8-a0ae-0340a2c69a59;c022b775-cca9-11e8-a7aa-47b83a8e70df
Fay;Jaret;Kaylee.Effertz@email.com;0744094527;bccbc3df-cca9-11e8-a0ae-0340a2c69a59;c022b775-cca9-11e8-a7aa-47b83a8e70df
Hand;Lurline;Hellen.Bartell@email.com;0727215743;bccbc3df-cca9-11e8-a0ae-0340a2c69a59;c022b775-cca9-11e8-a7aa-47b83a8e70df
Wilkinson;Connie;Bobbye.Considine@email.com;0771747498;bccbc3df-cca9-11e8-a0ae-0340a2c69a59;c022b775-cca9-11e8-a7aa-47b83a8e70df
Rippin;Delano;Gigi.Hegmann@email.com;0657383444;bccbc3df-cca9-11e8-a0ae-0340a2c69a59;c022b775-cca9-11e8-a7aa-47b83a8e70df
Hayes;Darrel;Braylon.Donnelly@email.com;065675675;bccbc3df-cca9-11e8-a0ae-0340a2c69a59;c022b775-cca9-11e8-a7aa-47b83a8e70df
Zboncak;Horacio;Finnegan.Zulauf@email.com;064444453;bccbc3df-cca9-11e8-a0ae-0340a2c69a59;c022b775-cca9-11e8-a7aa-47b83a8e70df
Schneider;Tatum;Jalissa.Donnelly@email.com;0624008915;bccbc3df-cca9-11e8-a0ae-0340a2c69a59;c022b775-cca9-11e8-a7aa-47b83a8e70df
O\Kon;Fulton;Cheyenne.Lemke@email.com;0646244396;bccbc3df-cca9-11e8-a0ae-0340a2c69a59;c022b775-cca9-11e8-a7aa-47b83a8e70df
Streich;Willaim;Bonny.DuBuque@email.com;0618420056;bccbc3df-cca9-11e8-a0ae-0340a2c69a59;c022b775-cca9-11e8-a7aa-47b83a8e70df
Hermann;Sigrid;Cade.Klein@email.com;0667494016;bccbc3df-cca9-11e8-a0ae-0340a2c69a59;c022b775-cca9-11e8-a7aa-47b83a8e70df
Kunze;Shirley;Alana.Lind@email.com;0712374949;bccbc3df-cca9-11e8-a0ae-0340a2c69a59;c022b775-cca9-11e8-a7aa-47b83a8e70df
Trantow;Linsey;Guillermo.Murazik@email.com;0621139245;bccbc3df-cca9-11e8-a0ae-0340a2c69a59;c022b775-cca9-11e8-a7aa-47b83a8e70df
Waters;Manly;Olar.Bayer@email.com;0744088901;bccbc3df-cca9-11e8-a0ae-0340a2c69a59;c022b775-cca9-11e8-a7aa-47b83a8e70df
Watsica;Shannen;Ivy.Grady@email.com;0776986731;bccbc3df-cca9-11e8-a0ae-0340a2c69a59;c022b775-cca9-11e8-a7aa-47b83a8e70df
Olson;Ernestine;Montana.Dicki@email.com;0750048249;bccbc3df-cca9-11e8-a0ae-0340a2c69a59;c022b775-cca9-11e8-a7aa-47b83a8e70df
Hills;Conway;Wayde.Hegmann@email.com;0783845941;bccbc3df-cca9-11e8-a0ae-0340a2c69a59;c022b775-cca9-11e8-a7aa-47b83a8e70df
Schmitt;Monnie;Soledad.Thompson@email.com;077016328;bccbc3df-cca9-11e8-a0ae-0340a2c69a59;c022b775-cca9-11e8-a7aa-47b83a8e70df
Runolfsdottir;Deontae;Devyn.Stamm@email.com;0796417369;bccbc3df-cca9-11e8-a0ae-0340a2c69a59;c022b775-cca9-11e8-a7aa-47b83a8e70df
Jenkins;Tyrique;Lea.Boyer@email.com;0641850698;bccbc3df-cca9-11e8-a0ae-0340a2c69a59;c022b775-cca9-11e8-a7aa-47b83a8e70df
Reilly;Payton;Fiona.Metz@email.com;0757015811;bccbc3df-cca9-11e8-a0ae-0340a2c69a59;c022b775-cca9-11e8-a7aa-47b83a8e70df
Crist;Dellar;Beau.Rolfson@email.com;0750388843;bccbc3df-cca9-11e8-a0ae-0340a2c69a59;c022b775-cca9-11e8-a7aa-47b83a8e70df
Treutel;Cordell;Major.McGlynn@email.com;0682145715;bccbc3df-cca9-11e8-a0ae-0340a2c69a59;c022b775-cca9-11e8-a7aa-47b83a8e70df
Luettgen;Erick;Christop.Moen@email.com;0673500360;bccbc3df-cca9-11e8-a0ae-0340a2c69a59;c022b775-cca9-11e8-a7aa-47b83a8e70df
Huel;Luster;Zenas.Cassin@email.com;0699891241;bccbc3df-cca9-11e8-a0ae-0340a2c69a59;c022b775-cca9-11e8-a7aa-47b83a8e70df
Mayert;Erby;Alaya.Sauer@email.com;0694556200;bccbc3df-cca9-11e8-a0ae-0340a2c69a59;c022b775-cca9-11e8-a7aa-47b83a8e70df
Gaylord;Delos;Sophie.O\Reilly@email.com;0672597446;bccbc3df-cca9-11e8-a0ae-0340a2c69a59;c022b775-cca9-11e8-a7aa-47b83a8e70df
McClure;Ximena;Arron.Schimmel@email.com;0675167954;bccbc3df-cca9-11e8-a0ae-0340a2c69a59;c022b775-cca9-11e8-a7aa-47b83a8e70df
Dach;Emma;Diandra.Jewess@email.com;0774756059;bccbc3df-cca9-11e8-a0ae-0340a2c69a59;c022b775-cca9-11e8-a7aa-47b83a8e70df
Feest;Adolphus;Brannon.Kuphal@email.com;0659875968;bccbc3df-cca9-11e8-a0ae-0340a2c69a59;c022b775-cca9-11e8-a7aa-47b83a8e70df
Gaylord;Raelyn;Medora.Harris@email.com;0654655118;bccbc3df-cca9-11e8-a0ae-0340a2c69a59;c022b775-cca9-11e8-a7aa-47b83a8e70df
Gottlieb;Donell;Delphine.D\Amore@email.com;0711582103;bccbc3df-cca9-11e8-a0ae-0340a2c69a59;c022b775-cca9-11e8-a7aa-47b83a8e70df
Rath;Emeline;Asha.Schimmel@email.com;0658495945;bccbc3df-cca9-11e8-a0ae-0340a2c69a59;c022b775-cca9-11e8-a7aa-47b83a8e70df
Quigley;Anita;Davey.Flatley@email.com;0616853528;bccbc3df-cca9-11e8-a0ae-0340a2c69a59;c022b775-cca9-11e8-a7aa-47b83a8e70df
McDermott;Jonell;Hamilton.Little@email.com;0683663569;bccbc3df-cca9-11e8-a0ae-0340a2c69a59;c022b775-cca9-11e8-a7aa-47b83a8e70df
Aufderhar;Connor;Vonda.Purdy@email.com;0753922025;bccbc3df-cca9-11e8-a0ae-0340a2c69a59;c022b775-cca9-11e8-a7aa-47b83a8e70df
Hammes;Mima;Chase.Reichert@email.com;0782177684;bccbc3df-cca9-11e8-a0ae-0340a2c69a59;c022b775-cca9-11e8-a7aa-47b83a8e70df
Auer;Fidel;Dayse.Hegmann@email.com;0775713228;bccbc3df-cca9-11e8-a0ae-0340a2c69a59;c022b775-cca9-11e8-a7aa-47b83a8e70df
Becker;Linda;Audie.Simonis@email.com;0622895859;bccbc3df-cca9-11e8-a0ae-0340a2c69a59;c022b775-cca9-11e8-a7aa-47b83a8e70df
Kautzer;Verdell;Sheri.Dibbert@email.com;0778850919;bccbc3df-cca9-11e8-a0ae-0340a2c69a59;c022b775-cca9-11e8-a7aa-47b83a8e70df
Lebsack;Jordon;Kenzie.Roob@email.com;0753715797;bccbc3df-cca9-11e8-a0ae-0340a2c69a59;c022b775-cca9-11e8-a7aa-47b83a8e70df
Jakubowski;Cherrie;Trey.Kuhic@email.com;0773964520;bccbc3df-cca9-11e8-a0ae-0340a2c69a59;c022b775-cca9-11e8-a7aa-47b83a8e70df
Leannon;Madison;Katerina.Walsh@email.com;0793389466;bccbc3df-cca9-11e8-a0ae-0340a2c69a59;c022b775-cca9-11e8-a7aa-47b83a8e70df
Romaguera;Irene;Jillian.Howe@email.com;0622430853;bccbc3df-cca9-11e8-a0ae-0340a2c69a59;c022b775-cca9-11e8-a7aa-47b83a8e70df
Gutmann;Lisha;Marty.Morar@email.com;0658162929;bccbc3df-cca9-11e8-a0ae-0340a2c69a59;c022b775-cca9-11e8-a7aa-47b83a8e70df
Walker;Burns;Litzy.Jacobi@email.com;0629052493;bccbc3df-cca9-11e8-a0ae-0340a2c69a59;c022b775-cca9-11e8-a7aa-47b83a8e70df
VonRueden;Adrain;Haskell.Kuphal@email.com;072528996;bccbc3df-cca9-11e8-a0ae-0340a2c69a59;c022b775-cca9-11e8-a7aa-47b83a8e70df
Abbott;Coretta;Elvin.Skiles@email.com;0616597104;bccbc3df-cca9-11e8-a0ae-0340a2c69a59;c022b775-cca9-11e8-a7aa-47b83a8e70df
O\Hara;Zola;Quintin.Collier@email.com;0642098630;bccbc3df-cca9-11e8-a0ae-0340a2c69a59;c022b775-cca9-11e8-a7aa-47b83a8e70df
Conn;Isabella;Brenda.Gibson@email.com;0717622934;bccbc3df-cca9-11e8-a0ae-0340a2c69a59;c022b775-cca9-11e8-a7aa-47b83a8e70df
Cartwright;Jakayla;Isis.Labadie@email.com;0729102773;bccbc3df-cca9-11e8-a0ae-0340a2c69a59;c022b775-cca9-11e8-a7aa-47b83a8e70df
Wolf;Kortney;Gustave.Bergnaum@email.com;0688487864;bccbc3df-cca9-11e8-a0ae-0340a2c69a59;c022b775-cca9-11e8-a7aa-47b83a8e70df
Carter;Armstead;Wilfredo.Bechtelar@email.com;0752928210;bccbc3df-cca9-11e8-a0ae-0340a2c69a59;c022b775-cca9-11e8-a7aa-47b83a8e70df
Feeney;Krysten;Doshie.Lind@email.com;061508807;bccbc3df-cca9-11e8-a0ae-0340a2c69a59;c022b775-cca9-11e8-a7aa-47b83a8e70df
Mayert;Sharen;Akira.Heidenreich@email.com;0751682661;bccbc3df-cca9-11e8-a0ae-0340a2c69a59;c022b775-cca9-11e8-a7aa-47b83a8e70df
Hessel;Justus;Rickey.Jacobson@email.com;0745103425;bccbc3df-cca9-11e8-a0ae-0340a2c69a59;c022b775-cca9-11e8-a7aa-47b83a8e70df
Kuhlman;Zariah;Dionicio.D\Amore@email.com;0788431924;bccbc3df-cca9-11e8-a0ae-0340a2c69a59;c022b775-cca9-11e8-a7aa-47b83a8e70df
Paucek;Sam;Arletta.Littel@email.com;0778192144;bccbc3df-cca9-11e8-a0ae-0340a2c69a59;c022b775-cca9-11e8-a7aa-47b83a8e70df
Jacobs;Osborn;Lyric.Walter@email.com;0688206613;bccbc3df-cca9-11e8-a0ae-0340a2c69a59;c022b775-cca9-11e8-a7aa-47b83a8e70df
Paucek;Theo;Alexa.Mraz@email.com;077964161;bccbc3df-cca9-11e8-a0ae-0340a2c69a59;c022b775-cca9-11e8-a7aa-47b83a8e70df
Cormier;Le;Anna.Lueilwitz@email.com;0652596998;bccbc3df-cca9-11e8-a0ae-0340a2c69a59;c022b775-cca9-11e8-a7aa-47b83a8e70df
Frami;Tegan;Germaine.Marks@email.com;0742770950;bccbc3df-cca9-11e8-a0ae-0340a2c69a59;c022b775-cca9-11e8-a7aa-47b83a8e70df
Gorczany;Giovani;Clearence.Zulauf@email.com;073835939;bccbc3df-cca9-11e8-a0ae-0340a2c69a59;c022b775-cca9-11e8-a7aa-47b83a8e70df
Welch;Mireya;Violeta.Wiegand@email.com;0646879957;bccbc3df-cca9-11e8-a0ae-0340a2c69a59;c022b775-cca9-11e8-a7aa-47b83a8e70df
Corkery;Bernard;Roslyn.Beer@email.com;0613746877;bccbc3df-cca9-11e8-a0ae-0340a2c69a59;c022b775-cca9-11e8-a7aa-47b83a8e70df
Wisoky;Jewell;Kaliyah.Wuckert@email.com;0687932726;bccbc3df-cca9-11e8-a0ae-0340a2c69a59;c022b775-cca9-11e8-a7aa-47b83a8e70df
Balistreri;Landin;Tomie.Gleason@email.com;06302681;bccbc3df-cca9-11e8-a0ae-0340a2c69a59;c022b775-cca9-11e8-a7aa-47b83a8e70df
Hahn;Maury;Genoveva.Lindgren@email.com;0749496118;bccbc3df-cca9-11e8-a0ae-0340a2c69a59;c022b775-cca9-11e8-a7aa-47b83a8e70df
Reichel;Kloe;Girtha.Dickens@email.com;0686417879;bccbc3df-cca9-11e8-a0ae-0340a2c69a59;c022b775-cca9-11e8-a7aa-47b83a8e70df
Rohan;Selena;Moises.Kessler@email.com;0758505348;bccbc3df-cca9-11e8-a0ae-0340a2c69a59;c022b775-cca9-11e8-a7aa-47b83a8e70df
Bechtelar;Fleeta;Red.Kihn@email.com;075119737;bccbc3df-cca9-11e8-a0ae-0340a2c69a59;c022b775-cca9-11e8-a7aa-47b83a8e70df
Witting;Myron;Charla.Hamill@email.com;0673366326;bccbc3df-cca9-11e8-a0ae-0340a2c69a59;c022b775-cca9-11e8-a7aa-47b83a8e70df
Bernhard;Lisandro;Mirna.Considine@email.com;0754562806;bccbc3df-cca9-11e8-a0ae-0340a2c69a59;c022b775-cca9-11e8-a7aa-47b83a8e70df
Johns;Rheta;Raynard.Hessel@email.com;0750459962;bccbc3df-cca9-11e8-a0ae-0340a2c69a59;c022b775-cca9-11e8-a7aa-47b83a8e70df
Mante;Maxie;Shawnee.Lynch@email.com;0780030826;bccbc3df-cca9-11e8-a0ae-0340a2c69a59;c022b775-cca9-11e8-a7aa-47b83a8e70df
