nom;prenom;email;phone;rootCorrelationId;parentCorrelationId
Rippin;Beverley;Ossie.Rogahn@email.com;0689450855;bccbc3df-cca9-11e8-a0ae-0340a2c69a59;c022b775-cca9-11e8-a7aa-47b83a8e70df
Pfannerstill;Amalie;Heriberto.Heaney@email.com;0782301929;bccbc3df-cca9-11e8-a0ae-0340a2c69a59;c022b775-cca9-11e8-a7aa-47b83a8e70df
Nienow;Victor;Jacey.Bartoletti@email.com;0738233115;bccbc3df-cca9-11e8-a0ae-0340a2c69a59;c022b775-cca9-11e8-a7aa-47b83a8e70df
Gulgowski;Beecher;Shannan.Kilback@email.com;0756727449;bccbc3df-cca9-11e8-a0ae-0340a2c69a59;c022b775-cca9-11e8-a7aa-47b83a8e70df
Cartwright;Baron;Brittanie.Lind@email.com;0662474875;bccbc3df-cca9-11e8-a0ae-0340a2c69a59;c022b775-cca9-11e8-a7aa-47b83a8e70df
Schultz;Stoney;Saint.Dickens@email.com;0683693809;bccbc3df-cca9-11e8-a0ae-0340a2c69a59;c022b775-cca9-11e8-a7aa-47b83a8e70df
O\Conner;Irma;Robbin.Bednar@email.com;0689468868;bccbc3df-cca9-11e8-a0ae-0340a2c69a59;c022b775-cca9-11e8-a7aa-47b83a8e70df
Batz;Jerrod;Marquis.Leannon@email.com;0739294688;bccbc3df-cca9-11e8-a0ae-0340a2c69a59;c022b775-cca9-11e8-a7aa-47b83a8e70df
Mohr;Kalene;Alaina.Lakin@email.com;0755063165;bccbc3df-cca9-11e8-a0ae-0340a2c69a59;c022b775-cca9-11e8-a7aa-47b83a8e70df
Stokes;Lucky;Missy.Williamson@email.com;0715150708;bccbc3df-cca9-11e8-a0ae-0340a2c69a59;c022b775-cca9-11e8-a7aa-47b83a8e70df
Murazik;Koda;Alta.Kertzmann@email.com;0638272644;bccbc3df-cca9-11e8-a0ae-0340a2c69a59;c022b775-cca9-11e8-a7aa-47b83a8e70df
Jaskolski;Kristian;Isadora.Waters@email.com;0657868035;bccbc3df-cca9-11e8-a0ae-0340a2c69a59;c022b775-cca9-11e8-a7aa-47b83a8e70df
Wyman;Deryl;Azalee.Halvorson@email.com;0745908379;bccbc3df-cca9-11e8-a0ae-0340a2c69a59;c022b775-cca9-11e8-a7aa-47b83a8e70df
Klein;Roberta;Lester.Wilkinson@email.com;0741038700;bccbc3df-cca9-11e8-a0ae-0340a2c69a59;c022b775-cca9-11e8-a7aa-47b83a8e70df
Wilderman;Burns;Morton.Deckow@email.com;07996021;bccbc3df-cca9-11e8-a0ae-0340a2c69a59;c022b775-cca9-11e8-a7aa-47b83a8e70df
Schaden;Frederick;Lesley.Steuber@email.com;0610307949;bccbc3df-cca9-11e8-a0ae-0340a2c69a59;c022b775-cca9-11e8-a7aa-47b83a8e70df
Thiel;Leafy;Michell.Langworth@email.com;0662678745;bccbc3df-cca9-11e8-a0ae-0340a2c69a59;c022b775-cca9-11e8-a7aa-47b83a8e70df
Prosacco;Jonell;Josefina.Weissnat@email.com;0766851284;bccbc3df-cca9-11e8-a0ae-0340a2c69a59;c022b775-cca9-11e8-a7aa-47b83a8e70df
Lemke;Ruben;Justice.Glover@email.com;072413084;bccbc3df-cca9-11e8-a0ae-0340a2c69a59;c022b775-cca9-11e8-a7aa-47b83a8e70df
Aufderhar;Chloie;Elmo.Mohr@email.com;0683766029;bccbc3df-cca9-11e8-a0ae-0340a2c69a59;c022b775-cca9-11e8-a7aa-47b83a8e70df
Heaney;Canyon;Milan.Boyer@email.com;0788205110;bccbc3df-cca9-11e8-a0ae-0340a2c69a59;c022b775-cca9-11e8-a7aa-47b83a8e70df
Swaniawski;Zula;Rowland.Hansen@email.com;0742569083;bccbc3df-cca9-11e8-a0ae-0340a2c69a59;c022b775-cca9-11e8-a7aa-47b83a8e70df
Zboncak;Pedro;Elouise.Crooks@email.com;0714764262;bccbc3df-cca9-11e8-a0ae-0340a2c69a59;c022b775-cca9-11e8-a7aa-47b83a8e70df
Berge;Gabe;Gale.Romaguera@email.com;0726142593;bccbc3df-cca9-11e8-a0ae-0340a2c69a59;c022b775-cca9-11e8-a7aa-47b83a8e70df
Jacobson;Harper;Margarette.Terry@email.com;0726101187;bccbc3df-cca9-11e8-a0ae-0340a2c69a59;c022b775-cca9-11e8-a7aa-47b83a8e70df
Romaguera;Evalena;Stuart.Jacobs@email.com;0651594647;bccbc3df-cca9-11e8-a0ae-0340a2c69a59;c022b775-cca9-11e8-a7aa-47b83a8e70df
Nienow;Tyrell;Tavion.Miller@email.com;0774724304;bccbc3df-cca9-11e8-a0ae-0340a2c69a59;c022b775-cca9-11e8-a7aa-47b83a8e70df
Grant;Donta;Kaiya.Turcotte@email.com;0623067571;bccbc3df-cca9-11e8-a0ae-0340a2c69a59;c022b775-cca9-11e8-a7aa-47b83a8e70df
Barton;Joye;Neil.Hayes@email.com;0760153144;bccbc3df-cca9-11e8-a0ae-0340a2c69a59;c022b775-cca9-11e8-a7aa-47b83a8e70df
Dach;Saniya;Hamp.Heidenreich@email.com;071753380;bccbc3df-cca9-11e8-a0ae-0340a2c69a59;c022b775-cca9-11e8-a7aa-47b83a8e70df
Johnson;Darrion;Marolyn.Pfeffer@email.com;0679214696;bccbc3df-cca9-11e8-a0ae-0340a2c69a59;c022b775-cca9-11e8-a7aa-47b83a8e70df
Ritchie;Kala;Makai.Koss@email.com;073949364;bccbc3df-cca9-11e8-a0ae-0340a2c69a59;c022b775-cca9-11e8-a7aa-47b83a8e70df
Kohler;Johnathan;Ruthann.Hartmann@email.com;0733909561;bccbc3df-cca9-11e8-a0ae-0340a2c69a59;c022b775-cca9-11e8-a7aa-47b83a8e70df
Rogahn;Casen;Diane.Heaney@email.com;0695609433;bccbc3df-cca9-11e8-a0ae-0340a2c69a59;c022b775-cca9-11e8-a7aa-47b83a8e70df
Lindgren;Tricia;Jessie.Yundt@email.com;0763928669;bccbc3df-cca9-11e8-a0ae-0340a2c69a59;c022b775-cca9-11e8-a7aa-47b83a8e70df
Bayer;Rosalyn;Willene.Keebler@email.com;0761042534;bccbc3df-cca9-11e8-a0ae-0340a2c69a59;c022b775-cca9-11e8-a7aa-47b83a8e70df
Conroy;Brian;Alvis.Rath@email.com;0628851949;bccbc3df-cca9-11e8-a0ae-0340a2c69a59;c022b775-cca9-11e8-a7aa-47b83a8e70df
Keebler;Jarred;Norine.Kerluke@email.com;0637180896;bccbc3df-cca9-11e8-a0ae-0340a2c69a59;c022b775-cca9-11e8-a7aa-47b83a8e70df
Cronin;Melba;Boyce.O\Kon@email.com;064082003;bccbc3df-cca9-11e8-a0ae-0340a2c69a59;c022b775-cca9-11e8-a7aa-47b83a8e70df
Weimann;Chaim;Magdalen.Howell@email.com;0665042253;bccbc3df-cca9-11e8-a0ae-0340a2c69a59;c022b775-cca9-11e8-a7aa-47b83a8e70df
Wiza;Odie;Katlyn.Boyer@email.com;0683039250;bccbc3df-cca9-11e8-a0ae-0340a2c69a59;c022b775-cca9-11e8-a7aa-47b83a8e70df
Mitchell;Erin;Isiah.Kiehn@email.com;0789298012;bccbc3df-cca9-11e8-a0ae-0340a2c69a59;c022b775-cca9-11e8-a7aa-47b83a8e70df
Rowe;Lennie;Jocelyn.Klein@email.com;0654537943;bccbc3df-cca9-11e8-a0ae-0340a2c69a59;c022b775-cca9-11e8-a7aa-47b83a8e70df
Friesen;Jacalyn;Gerardo.Brekke@email.com;0740564729;bccbc3df-cca9-11e8-a0ae-0340a2c69a59;c022b775-cca9-11e8-a7aa-47b83a8e70df
Mertz;Lauri;Luberta.Jewess@email.com;0645067735;bccbc3df-cca9-11e8-a0ae-0340a2c69a59;c022b775-cca9-11e8-a7aa-47b83a8e70df
Muller;Marcelino;Lute.Terry@email.com;0744383321;bccbc3df-cca9-11e8-a0ae-0340a2c69a59;c022b775-cca9-11e8-a7aa-47b83a8e70df
Hyatt;Era;Lindsay.Lowe@email.com;0671276203;bccbc3df-cca9-11e8-a0ae-0340a2c69a59;c022b775-cca9-11e8-a7aa-47b83a8e70df
Jacobson;Margene;Zenas.Haag@email.com;0682137639;bccbc3df-cca9-11e8-a0ae-0340a2c69a59;c022b775-cca9-11e8-a7aa-47b83a8e70df
Predovic;Rosario;Fed.Robel@email.com;0613093468;bccbc3df-cca9-11e8-a0ae-0340a2c69a59;c022b775-cca9-11e8-a7aa-47b83a8e70df
Batz;Ailene;Bennie.Ullrich@email.com;0698424417;bccbc3df-cca9-11e8-a0ae-0340a2c69a59;c022b775-cca9-11e8-a7aa-47b83a8e70df
Ziemann;Orren;Keara.Haley@email.com;0771577918;bccbc3df-cca9-11e8-a0ae-0340a2c69a59;c022b775-cca9-11e8-a7aa-47b83a8e70df
Murray;Greta;Hughey.Bailey@email.com;07815247;bccbc3df-cca9-11e8-a0ae-0340a2c69a59;c022b775-cca9-11e8-a7aa-47b83a8e70df
Hettinger;Marylee;Unnamed.Berge@email.com;0666744395;bccbc3df-cca9-11e8-a0ae-0340a2c69a59;c022b775-cca9-11e8-a7aa-47b83a8e70df
Rice;Bailey;Tobias.Turcotte@email.com;0754114379;bccbc3df-cca9-11e8-a0ae-0340a2c69a59;c022b775-cca9-11e8-a7aa-47b83a8e70df
Johns;Tobi;Tamisha.Cartwright@email.com;0784695255;bccbc3df-cca9-11e8-a0ae-0340a2c69a59;c022b775-cca9-11e8-a7aa-47b83a8e70df
Yundt;Hillary;Rayfield.Gutmann@email.com;0643397307;bccbc3df-cca9-11e8-a0ae-0340a2c69a59;c022b775-cca9-11e8-a7aa-47b83a8e70df
Wiegand;Vernell;Karly.Fisher@email.com;0616910908;bccbc3df-cca9-11e8-a0ae-0340a2c69a59;c022b775-cca9-11e8-a7aa-47b83a8e70df
Lang;Catharine;Susanne.Hartmann@email.com;0611494863;bccbc3df-cca9-11e8-a0ae-0340a2c69a59;c022b775-cca9-11e8-a7aa-47b83a8e70df
Hoppe;Ryne;Peggie.Schultz@email.com;0656564837;bccbc3df-cca9-11e8-a0ae-0340a2c69a59;c022b775-cca9-11e8-a7aa-47b83a8e70df
Berge;Lucious;Cris.Pfeffer@email.com;0737570136;bccbc3df-cca9-11e8-a0ae-0340a2c69a59;c022b775-cca9-11e8-a7aa-47b83a8e70df
Pagac;Morgan;Micky.Rolfson@email.com;0684101310;bccbc3df-cca9-11e8-a0ae-0340a2c69a59;c022b775-cca9-11e8-a7aa-47b83a8e70df
Grimes;Isidor;Melissa.Weimann@email.com;076419552;bccbc3df-cca9-11e8-a0ae-0340a2c69a59;c022b775-cca9-11e8-a7aa-47b83a8e70df
Satterfield;Jayson;Jaheem.Jacobs@email.com;0652951341;bccbc3df-cca9-11e8-a0ae-0340a2c69a59;c022b775-cca9-11e8-a7aa-47b83a8e70df
Davis;Colon;Reagan.McGlynn@email.com;0680847594;bccbc3df-cca9-11e8-a0ae-0340a2c69a59;c022b775-cca9-11e8-a7aa-47b83a8e70df
Moen;Fatima;Zetta.Bashirian@email.com;0628114693;bccbc3df-cca9-11e8-a0ae-0340a2c69a59;c022b775-cca9-11e8-a7aa-47b83a8e70df
Rosenbaum;Garrison;Nunzio.Kuvalis@email.com;0697071007;bccbc3df-cca9-11e8-a0ae-0340a2c69a59;c022b775-cca9-11e8-a7aa-47b83a8e70df
Hickle;Braylon;Lawton.Connelly@email.com;063263754;bccbc3df-cca9-11e8-a0ae-0340a2c69a59;c022b775-cca9-11e8-a7aa-47b83a8e70df
Crist;Jadyn;Dillon.Prosacco@email.com;0774108342;bccbc3df-cca9-11e8-a0ae-0340a2c69a59;c022b775-cca9-11e8-a7aa-47b83a8e70df
Nitzsche;Gaston;Ammie.Brekke@email.com;0725549334;bccbc3df-cca9-11e8-a0ae-0340a2c69a59;c022b775-cca9-11e8-a7aa-47b83a8e70df
Nader;Ethie;Ether.DuBuque@email.com;0641120240;bccbc3df-cca9-11e8-a0ae-0340a2c69a59;c022b775-cca9-11e8-a7aa-47b83a8e70df
Marquardt;Clevie;Bjorn.Raynor@email.com;068842917;bccbc3df-cca9-11e8-a0ae-0340a2c69a59;c022b775-cca9-11e8-a7aa-47b83a8e70df
Kunde;Desi;Madisyn.Harris@email.com;0711614015;bccbc3df-cca9-11e8-a0ae-0340a2c69a59;c022b775-cca9-11e8-a7aa-47b83a8e70df
Sauer;Kole;Wilma.Adams@email.com;0713761399;bccbc3df-cca9-11e8-a0ae-0340a2c69a59;c022b775-cca9-11e8-a7aa-47b83a8e70df
Brekke;Christophe;Cristine.Harvey@email.com;0617982750;bccbc3df-cca9-11e8-a0ae-0340a2c69a59;c022b775-cca9-11e8-a7aa-47b83a8e70df
Goodwin;Reid;Dylon.Swaniawski@email.com;0740041095;bccbc3df-cca9-11e8-a0ae-0340a2c69a59;c022b775-cca9-11e8-a7aa-47b83a8e70df
O\Hara;Lular;Sheyla.Mann@email.com;068407350;bccbc3df-cca9-11e8-a0ae-0340a2c69a59;c022b775-cca9-11e8-a7aa-47b83a8e70df
Zemlak;Leighton;Ty.Abernathy@email.com;0721813211;bccbc3df-cca9-11e8-a0ae-0340a2c69a59;c022b775-cca9-11e8-a7aa-47b83a8e70df
Kertzmann;Berniece;Loree.Marks@email.com;0612295528;bccbc3df-cca9-11e8-a0ae-0340a2c69a59;c022b775-cca9-11e8-a7aa-47b83a8e70df
Bogisich;Miles;Chelsy.Kemmer@email.com;0675291096;bccbc3df-cca9-11e8-a0ae-0340a2c69a59;c022b775-cca9-11e8-a7aa-47b83a8e70df
Senger;Maryam;Henery.Goodwin@email.com;0726595620;bccbc3df-cca9-11e8-a0ae-0340a2c69a59;c022b775-cca9-11e8-a7aa-47b83a8e70df
Altenwerth;Dedric;Phyllis.Barton@email.com;0775507417;bccbc3df-cca9-11e8-a0ae-0340a2c69a59;c022b775-cca9-11e8-a7aa-47b83a8e70df
Jerde;Florance;Jeri.Zulauf@email.com;0674625067;bccbc3df-cca9-11e8-a0ae-0340a2c69a59;c022b775-cca9-11e8-a7aa-47b83a8e70df
Pagac;Shane;Mettie.Reinger@email.com;0618003441;bccbc3df-cca9-11e8-a0ae-0340a2c69a59;c022b775-cca9-11e8-a7aa-47b83a8e70df
Klocko;Sussie;Tyrone.Zulauf@email.com;0642812748;bccbc3df-cca9-11e8-a0ae-0340a2c69a59;c022b775-cca9-11e8-a7aa-47b83a8e70df
Bogan;Mandie;Diya.Block@email.com;0618296563;bccbc3df-cca9-11e8-a0ae-0340a2c69a59;c022b775-cca9-11e8-a7aa-47b83a8e70df
Toy;Devyn;Ciera.Steuber@email.com;0641606641;bccbc3df-cca9-11e8-a0ae-0340a2c69a59;c022b775-cca9-11e8-a7aa-47b83a8e70df
Stokes;Miriam;Durward.Strosin@email.com;062632737;bccbc3df-cca9-11e8-a0ae-0340a2c69a59;c022b775-cca9-11e8-a7aa-47b83a8e70df
Bogisich;Garvin;Lori.Lockman@email.com;0618517425;bccbc3df-cca9-11e8-a0ae-0340a2c69a59;c022b775-cca9-11e8-a7aa-47b83a8e70df
Gusikowski;Buel;Jed.Mosciski@email.com;0766821667;bccbc3df-cca9-11e8-a0ae-0340a2c69a59;c022b775-cca9-11e8-a7aa-47b83a8e70df
Brakus;Pershing;Blake.Bogan@email.com;0750638989;bccbc3df-cca9-11e8-a0ae-0340a2c69a59;c022b775-cca9-11e8-a7aa-47b83a8e70df
Bashirian;Caro;Liane.Barton@email.com;0751040801;bccbc3df-cca9-11e8-a0ae-0340a2c69a59;c022b775-cca9-11e8-a7aa-47b83a8e70df
Lueilwitz;Sheridan;Aloysius.Konopelski@email.com;0727635938;bccbc3df-cca9-11e8-a0ae-0340a2c69a59;c022b775-cca9-11e8-a7aa-47b83a8e70df
Mertz;Juliana;Crawford.Hyatt@email.com;0696105418;bccbc3df-cca9-11e8-a0ae-0340a2c69a59;c022b775-cca9-11e8-a7aa-47b83a8e70df
Carroll;Nylah;Moises.Wisozk@email.com;0719355592;bccbc3df-cca9-11e8-a0ae-0340a2c69a59;c022b775-cca9-11e8-a7aa-47b83a8e70df
Reinger;Jordan;Nello.Crona@email.com;0746898894;bccbc3df-cca9-11e8-a0ae-0340a2c69a59;c022b775-cca9-11e8-a7aa-47b83a8e70df
Dach;Larae;Celena.Franecki@email.com;0738407065;bccbc3df-cca9-11e8-a0ae-0340a2c69a59;c022b775-cca9-11e8-a7aa-47b83a8e70df
Auer;Roseanna;Derik.Ruecker@email.com;0754414677;bccbc3df-cca9-11e8-a0ae-0340a2c69a59;c022b775-cca9-11e8-a7aa-47b83a8e70df
Schmidt;Cam;Channing.D\Amore@email.com;063807781;bccbc3df-cca9-11e8-a0ae-0340a2c69a59;c022b775-cca9-11e8-a7aa-47b83a8e70df
Ankunding;Rich;Fabian.Veum@email.com;063255587;bccbc3df-cca9-11e8-a0ae-0340a2c69a59;c022b775-cca9-11e8-a7aa-47b83a8e70df
Stiedemann;Nathaniel;Kendra.Nienow@email.com;0643369597;bccbc3df-cca9-11e8-a0ae-0340a2c69a59;c022b775-cca9-11e8-a7aa-47b83a8e70df
Fisher;Emma;Pearley.Bogan@email.com;0639802740;bccbc3df-cca9-11e8-a0ae-0340a2c69a59;c022b775-cca9-11e8-a7aa-47b83a8e70df
Altenwerth;Brooklyn;Noel.Glover@email.com;0714710573;bccbc3df-cca9-11e8-a0ae-0340a2c69a59;c022b775-cca9-11e8-a7aa-47b83a8e70df
Hahn;Collie;Jeryl.Hudson@email.com;0713197207;bccbc3df-cca9-11e8-a0ae-0340a2c69a59;c022b775-cca9-11e8-a7aa-47b83a8e70df
Gaylord;Aylin;Goldia.Streich@email.com;0645373907;bccbc3df-cca9-11e8-a0ae-0340a2c69a59;c022b775-cca9-11e8-a7aa-47b83a8e70df
Fisher;Ely;Rosco.Spencer@email.com;0645135222;bccbc3df-cca9-11e8-a0ae-0340a2c69a59;c022b775-cca9-11e8-a7aa-47b83a8e70df
White;Grady;Johnathan.Stark@email.com;0616274848;bccbc3df-cca9-11e8-a0ae-0340a2c69a59;c022b775-cca9-11e8-a7aa-47b83a8e70df
Bergstrom;Lesly;Kristyn.Nienow@email.com;0620305084;bccbc3df-cca9-11e8-a0ae-0340a2c69a59;c022b775-cca9-11e8-a7aa-47b83a8e70df
Ratke;Johney;Taniyah.Schaden@email.com;0777535267;bccbc3df-cca9-11e8-a0ae-0340a2c69a59;c022b775-cca9-11e8-a7aa-47b83a8e70df
Balistreri;Jana;Handy.Langosh@email.com;0643498365;bccbc3df-cca9-11e8-a0ae-0340a2c69a59;c022b775-cca9-11e8-a7aa-47b83a8e70df
Stracke;Firman;Brent.Lehner@email.com;0630571822;bccbc3df-cca9-11e8-a0ae-0340a2c69a59;c022b775-cca9-11e8-a7aa-47b83a8e70df
Durgan;Nanna;Courtland.Ratke@email.com;0779534873;bccbc3df-cca9-11e8-a0ae-0340a2c69a59;c022b775-cca9-11e8-a7aa-47b83a8e70df
Moore;Shara;Breanna.Reynolds@email.com;0794007471;bccbc3df-cca9-11e8-a0ae-0340a2c69a59;c022b775-cca9-11e8-a7aa-47b83a8e70df
Streich;Clell;Rashaad.Leuschke@email.com;0710138743;bccbc3df-cca9-11e8-a0ae-0340a2c69a59;c022b775-cca9-11e8-a7aa-47b83a8e70df
Murray;Scot;Alyse.Shanahan@email.com;0739201825;bccbc3df-cca9-11e8-a0ae-0340a2c69a59;c022b775-cca9-11e8-a7aa-47b83a8e70df
Ferry;Arla;Hoy.Trantow@email.com;0658204752;bccbc3df-cca9-11e8-a0ae-0340a2c69a59;c022b775-cca9-11e8-a7aa-47b83a8e70df
Turner;Perry;Lilie.Abshire@email.com;062169440;bccbc3df-cca9-11e8-a0ae-0340a2c69a59;c022b775-cca9-11e8-a7aa-47b83a8e70df
Streich;Guilford;Clarissa.Bednar@email.com;0634270097;bccbc3df-cca9-11e8-a0ae-0340a2c69a59;c022b775-cca9-11e8-a7aa-47b83a8e70df
Okuneva;Sammie;Simone.Bartell@email.com;0674408433;bccbc3df-cca9-11e8-a0ae-0340a2c69a59;c022b775-cca9-11e8-a7aa-47b83a8e70df
Zulauf;Erving;Rich.Heller@email.com;0720016129;bccbc3df-cca9-11e8-a0ae-0340a2c69a59;c022b775-cca9-11e8-a7aa-47b83a8e70df
Brekke;Piper;Antwon.Beier@email.com;0780811315;bccbc3df-cca9-11e8-a0ae-0340a2c69a59;c022b775-cca9-11e8-a7aa-47b83a8e70df
Mraz;Damien;Donal.Murphy@email.com;0755576888;bccbc3df-cca9-11e8-a0ae-0340a2c69a59;c022b775-cca9-11e8-a7aa-47b83a8e70df
Wisozk;Karma;Freeman.Rodriguez@email.com;0631836899;bccbc3df-cca9-11e8-a0ae-0340a2c69a59;c022b775-cca9-11e8-a7aa-47b83a8e70df
Powlowski;Keeley;Lucindy.Langosh@email.com;0785166977;bccbc3df-cca9-11e8-a0ae-0340a2c69a59;c022b775-cca9-11e8-a7aa-47b83a8e70df
Towne;Baylee;Jensen.Yundt@email.com;0721357589;bccbc3df-cca9-11e8-a0ae-0340a2c69a59;c022b775-cca9-11e8-a7aa-47b83a8e70df
Abshire;Tommie;Beverly.Willms@email.com;0775816632;bccbc3df-cca9-11e8-a0ae-0340a2c69a59;c022b775-cca9-11e8-a7aa-47b83a8e70df
McKenzie;Araceli;Norine.Raynor@email.com;0779352294;bccbc3df-cca9-11e8-a0ae-0340a2c69a59;c022b775-cca9-11e8-a7aa-47b83a8e70df
Runte;Tatia;Eliot.Cronin@email.com;0775739299;bccbc3df-cca9-11e8-a0ae-0340a2c69a59;c022b775-cca9-11e8-a7aa-47b83a8e70df
Lebsack;Annabell;Clemmie.McClure@email.com;0767208862;bccbc3df-cca9-11e8-a0ae-0340a2c69a59;c022b775-cca9-11e8-a7aa-47b83a8e70df
Feest;Anton;Grayce.Stiedemann@email.com;0732143849;bccbc3df-cca9-11e8-a0ae-0340a2c69a59;c022b775-cca9-11e8-a7aa-47b83a8e70df
Cole;West;Ariella.Waters@email.com;076144919;bccbc3df-cca9-11e8-a0ae-0340a2c69a59;c022b775-cca9-11e8-a7aa-47b83a8e70df
Kilback;Tyrus;Clabe.Hudson@email.com;0794847587;bccbc3df-cca9-11e8-a0ae-0340a2c69a59;c022b775-cca9-11e8-a7aa-47b83a8e70df
Senger;Gisele;Roxanne.Collins@email.com;0795316211;bccbc3df-cca9-11e8-a0ae-0340a2c69a59;c022b775-cca9-11e8-a7aa-47b83a8e70df
Oberbrunner;Skip;Iris.Emmerich@email.com;0627486478;bccbc3df-cca9-11e8-a0ae-0340a2c69a59;c022b775-cca9-11e8-a7aa-47b83a8e70df
Mitchell;Aloma;Daniele.Deckow@email.com;0624123740;bccbc3df-cca9-11e8-a0ae-0340a2c69a59;c022b775-cca9-11e8-a7aa-47b83a8e70df
Rogahn;Whitney;Nell.Koepp@email.com;0637369431;bccbc3df-cca9-11e8-a0ae-0340a2c69a59;c022b775-cca9-11e8-a7aa-47b83a8e70df
VonRueden;Daisy;Karla.Collier@email.com;068992587;bccbc3df-cca9-11e8-a0ae-0340a2c69a59;c022b775-cca9-11e8-a7aa-47b83a8e70df
Moen;Dianna;Gilberto.Satterfield@email.com;0771011549;bccbc3df-cca9-11e8-a0ae-0340a2c69a59;c022b775-cca9-11e8-a7aa-47b83a8e70df
Jones;Fanny;Kaye.Cassin@email.com;0733644381;bccbc3df-cca9-11e8-a0ae-0340a2c69a59;c022b775-cca9-11e8-a7aa-47b83a8e70df
Pacocha;Regan;Rafe.Thiel@email.com;0674191813;bccbc3df-cca9-11e8-a0ae-0340a2c69a59;c022b775-cca9-11e8-a7aa-47b83a8e70df
Hegmann;Brittanie;Boyce.Cruickshank@email.com;0796507803;bccbc3df-cca9-11e8-a0ae-0340a2c69a59;c022b775-cca9-11e8-a7aa-47b83a8e70df
Mosciski;Hollis;Marlo.Cruickshank@email.com;0749480116;bccbc3df-cca9-11e8-a0ae-0340a2c69a59;c022b775-cca9-11e8-a7aa-47b83a8e70df
Hoeger;Corbett;Carsen.Beier@email.com;073921252;bccbc3df-cca9-11e8-a0ae-0340a2c69a59;c022b775-cca9-11e8-a7aa-47b83a8e70df
Gislason;Devyn;Brantley.Rutherford@email.com;0781752327;bccbc3df-cca9-11e8-a0ae-0340a2c69a59;c022b775-cca9-11e8-a7aa-47b83a8e70df
Pfeffer;Yurem;Lulu.Jewess@email.com;0767997701;bccbc3df-cca9-11e8-a0ae-0340a2c69a59;c022b775-cca9-11e8-a7aa-47b83a8e70df
Gleason;Ceylon;Devin.Runte@email.com;068517190;bccbc3df-cca9-11e8-a0ae-0340a2c69a59;c022b775-cca9-11e8-a7aa-47b83a8e70df
Swift;Leonidas;Yessenia.Nader@email.com;0668706184;bccbc3df-cca9-11e8-a0ae-0340a2c69a59;c022b775-cca9-11e8-a7aa-47b83a8e70df
Fadel;Hjalmer;Rashaad.Wisozk@email.com;0758527127;bccbc3df-cca9-11e8-a0ae-0340a2c69a59;c022b775-cca9-11e8-a7aa-47b83a8e70df
Sanford;Carnell;Chanel.Nienow@email.com;0748879952;bccbc3df-cca9-11e8-a0ae-0340a2c69a59;c022b775-cca9-11e8-a7aa-47b83a8e70df
Schaden;Sigrid;Mackenzie.Bins@email.com;0610609163;bccbc3df-cca9-11e8-a0ae-0340a2c69a59;c022b775-cca9-11e8-a7aa-47b83a8e70df
Dach;Kinley;Marleigh.Miller@email.com;0782874176;bccbc3df-cca9-11e8-a0ae-0340a2c69a59;c022b775-cca9-11e8-a7aa-47b83a8e70df
