nom;prenom;email;phone;rootCorrelationId;parentCorrelationId
Huel;Enoch;Leeann.Schneider@email.com;0785232380;bccbc3df-cca9-11e8-a0ae-0340a2c69a59;c022b775-cca9-11e8-a7aa-47b83a8e70df
Friesen;Ashlynn;Vander.Graham@email.com;0611128643;bccbc3df-cca9-11e8-a0ae-0340a2c69a59;c022b775-cca9-11e8-a7aa-47b83a8e70df
Barton;Damarion;Kia.Purdy@email.com;0666057579;bccbc3df-cca9-11e8-a0ae-0340a2c69a59;c022b775-cca9-11e8-a7aa-47b83a8e70df
Hudson;Julie;Tilla.Hyatt@email.com;0741933936;bccbc3df-cca9-11e8-a0ae-0340a2c69a59;c022b775-cca9-11e8-a7aa-47b83a8e70df
Gorczany;Skyler;Mychal.Kulas@email.com;0784022890;bccbc3df-cca9-11e8-a0ae-0340a2c69a59;c022b775-cca9-11e8-a7aa-47b83a8e70df
Orn;Salvador;Talon.Purdy@email.com;0667425007;bccbc3df-cca9-11e8-a0ae-0340a2c69a59;c022b775-cca9-11e8-a7aa-47b83a8e70df
Murazik;Odus;Catherine.Friesen@email.com;0661162827;bccbc3df-cca9-11e8-a0ae-0340a2c69a59;c022b775-cca9-11e8-a7aa-47b83a8e70df
Johnson;Mahala;Lovie.Okuneva@email.com;0652840806;bccbc3df-cca9-11e8-a0ae-0340a2c69a59;c022b775-cca9-11e8-a7aa-47b83a8e70df
Durgan;Kinley;Gregg.Greenholt@email.com;077845837;bccbc3df-cca9-11e8-a0ae-0340a2c69a59;c022b775-cca9-11e8-a7aa-47b83a8e70df
Simonis;Jeane;Geraldo.Stracke@email.com;0795250043;bccbc3df-cca9-11e8-a0ae-0340a2c69a59;c022b775-cca9-11e8-a7aa-47b83a8e70df
Kris;Leandro;Alaya.Bauch@email.com;0658457412;bccbc3df-cca9-11e8-a0ae-0340a2c69a59;c022b775-cca9-11e8-a7aa-47b83a8e70df
Johnson;Burley;Lucas.Monahan@email.com;0638327503;bccbc3df-cca9-11e8-a0ae-0340a2c69a59;c022b775-cca9-11e8-a7aa-47b83a8e70df
Oberbrunner;Madonna;Ermine.Weber@email.com;076748459;bccbc3df-cca9-11e8-a0ae-0340a2c69a59;c022b775-cca9-11e8-a7aa-47b83a8e70df
Nienow;Rosita;Delora.Runolfsson@email.com;0711567103;bccbc3df-cca9-11e8-a0ae-0340a2c69a59;c022b775-cca9-11e8-a7aa-47b83a8e70df
Vandervort;Wilbur;Alyssa.Wintheiser@email.com;0626941435;bccbc3df-cca9-11e8-a0ae-0340a2c69a59;c022b775-cca9-11e8-a7aa-47b83a8e70df
Franecki;Zaire;Clem.Kertzmann@email.com;0686000553;bccbc3df-cca9-11e8-a0ae-0340a2c69a59;c022b775-cca9-11e8-a7aa-47b83a8e70df
Nikolaus;Mamie;Antone.Morar@email.com;0790540489;bccbc3df-cca9-11e8-a0ae-0340a2c69a59;c022b775-cca9-11e8-a7aa-47b83a8e70df
Bins;Amey;Leona.Kilback@email.com;0683605543;bccbc3df-cca9-11e8-a0ae-0340a2c69a59;c022b775-cca9-11e8-a7aa-47b83a8e70df
Williamson;Arrie;Rollo.Tremblay@email.com;0685355585;bccbc3df-cca9-11e8-a0ae-0340a2c69a59;c022b775-cca9-11e8-a7aa-47b83a8e70df
Hodkiewicz;Jovanni;Sabastian.Thompson@email.com;0624113312;bccbc3df-cca9-11e8-a0ae-0340a2c69a59;c022b775-cca9-11e8-a7aa-47b83a8e70df
Dare;Isabela;Maebelle.Ledner@email.com;0754704371;bccbc3df-cca9-11e8-a0ae-0340a2c69a59;c022b775-cca9-11e8-a7aa-47b83a8e70df
Macejkovic;Elwin;Lorean.Turcotte@email.com;072500304;bccbc3df-cca9-11e8-a0ae-0340a2c69a59;c022b775-cca9-11e8-a7aa-47b83a8e70df
Rogahn;Vere;Stephaine.Greenholt@email.com;0649639119;bccbc3df-cca9-11e8-a0ae-0340a2c69a59;c022b775-cca9-11e8-a7aa-47b83a8e70df
Witting;Ozzie;Kalel.White@email.com;0655548843;bccbc3df-cca9-11e8-a0ae-0340a2c69a59;c022b775-cca9-11e8-a7aa-47b83a8e70df
Crooks;Christion;Adaline.Ledner@email.com;076223259;bccbc3df-cca9-11e8-a0ae-0340a2c69a59;c022b775-cca9-11e8-a7aa-47b83a8e70df
Zemlak;Woody;Heidy.Schumm@email.com;0633278573;bccbc3df-cca9-11e8-a0ae-0340a2c69a59;c022b775-cca9-11e8-a7aa-47b83a8e70df
Franecki;Lauren;Jace.Cummerata@email.com;0655015885;bccbc3df-cca9-11e8-a0ae-0340a2c69a59;c022b775-cca9-11e8-a7aa-47b83a8e70df
Adams;Olie;Kimberli.Mertz@email.com;0651456030;bccbc3df-cca9-11e8-a0ae-0340a2c69a59;c022b775-cca9-11e8-a7aa-47b83a8e70df
Cummings;Deneen;Migdalia.Runte@email.com;0758875189;bccbc3df-cca9-11e8-a0ae-0340a2c69a59;c022b775-cca9-11e8-a7aa-47b83a8e70df
Heidenreich;Tyreek;Nolie.Renner@email.com;0715164064;bccbc3df-cca9-11e8-a0ae-0340a2c69a59;c022b775-cca9-11e8-a7aa-47b83a8e70df
Lehner;Nettie;Halley.Leuschke@email.com;0684191249;bccbc3df-cca9-11e8-a0ae-0340a2c69a59;c022b775-cca9-11e8-a7aa-47b83a8e70df
Fritsch;Ola;Janyce.Hahn@email.com;0760342641;bccbc3df-cca9-11e8-a0ae-0340a2c69a59;c022b775-cca9-11e8-a7aa-47b83a8e70df
Jast;Cyrus;Eulalia.Robel@email.com;0741308003;bccbc3df-cca9-11e8-a0ae-0340a2c69a59;c022b775-cca9-11e8-a7aa-47b83a8e70df
Rutherford;Merton;Eldridge.Renner@email.com;0661091928;bccbc3df-cca9-11e8-a0ae-0340a2c69a59;c022b775-cca9-11e8-a7aa-47b83a8e70df
Schamberger;Otto;Faron.Cassin@email.com;0689894224;bccbc3df-cca9-11e8-a0ae-0340a2c69a59;c022b775-cca9-11e8-a7aa-47b83a8e70df
Ondricka;Leighton;Keira.Hickle@email.com;0714724193;bccbc3df-cca9-11e8-a0ae-0340a2c69a59;c022b775-cca9-11e8-a7aa-47b83a8e70df
Steuber;Clementina;Domingo.Turcotte@email.com;0640521789;bccbc3df-cca9-11e8-a0ae-0340a2c69a59;c022b775-cca9-11e8-a7aa-47b83a8e70df
Hand;Girtha;Elzy.Kris@email.com;0667671625;bccbc3df-cca9-11e8-a0ae-0340a2c69a59;c022b775-cca9-11e8-a7aa-47b83a8e70df
Crona;Trula;Tiara.Bashirian@email.com;076187327;bccbc3df-cca9-11e8-a0ae-0340a2c69a59;c022b775-cca9-11e8-a7aa-47b83a8e70df
Gibson;Shay;Dayanara.Lehner@email.com;0636921788;bccbc3df-cca9-11e8-a0ae-0340a2c69a59;c022b775-cca9-11e8-a7aa-47b83a8e70df
Predovic;Kaela;Channing.Ritchie@email.com;067452369;bccbc3df-cca9-11e8-a0ae-0340a2c69a59;c022b775-cca9-11e8-a7aa-47b83a8e70df
Romaguera;Melody;Alfredo.Lakin@email.com;0739260741;bccbc3df-cca9-11e8-a0ae-0340a2c69a59;c022b775-cca9-11e8-a7aa-47b83a8e70df
Kuhic;Randall;Claudia.Turner@email.com;0645110759;bccbc3df-cca9-11e8-a0ae-0340a2c69a59;c022b775-cca9-11e8-a7aa-47b83a8e70df
Breitenberg;Celestino;Marjory.Koelpin@email.com;0717982593;bccbc3df-cca9-11e8-a0ae-0340a2c69a59;c022b775-cca9-11e8-a7aa-47b83a8e70df
Kuphal;Schley;Corrina.Dare@email.com;0680342086;bccbc3df-cca9-11e8-a0ae-0340a2c69a59;c022b775-cca9-11e8-a7aa-47b83a8e70df
Jacobs;Simpson;Birtha.Collins@email.com;0667401050;bccbc3df-cca9-11e8-a0ae-0340a2c69a59;c022b775-cca9-11e8-a7aa-47b83a8e70df
Haley;Devon;Dortha.Rosenbaum@email.com;0657647384;bccbc3df-cca9-11e8-a0ae-0340a2c69a59;c022b775-cca9-11e8-a7aa-47b83a8e70df
Nikolaus;Jarett;Annabell.Ortiz@email.com;0661312387;bccbc3df-cca9-11e8-a0ae-0340a2c69a59;c022b775-cca9-11e8-a7aa-47b83a8e70df
Hessel;Henrietta;Vern.Moore@email.com;0660298439;bccbc3df-cca9-11e8-a0ae-0340a2c69a59;c022b775-cca9-11e8-a7aa-47b83a8e70df
Hilll;Icey;Antonette.McClure@email.com;0767081968;bccbc3df-cca9-11e8-a0ae-0340a2c69a59;c022b775-cca9-11e8-a7aa-47b83a8e70df
Beer;Kylie;Dan.Stroman@email.com;0682052622;bccbc3df-cca9-11e8-a0ae-0340a2c69a59;c022b775-cca9-11e8-a7aa-47b83a8e70df
Daniel;Brady;Leila.Cummerata@email.com;0797314351;bccbc3df-cca9-11e8-a0ae-0340a2c69a59;c022b775-cca9-11e8-a7aa-47b83a8e70df
Swift;Arland;Eva.Kuhic@email.com;0637992010;bccbc3df-cca9-11e8-a0ae-0340a2c69a59;c022b775-cca9-11e8-a7aa-47b83a8e70df
Conn;Linnie;Carleton.Beahan@email.com;0735158027;bccbc3df-cca9-11e8-a0ae-0340a2c69a59;c022b775-cca9-11e8-a7aa-47b83a8e70df
Labadie;Merlyn;Caitlynn.Volkman@email.com;0735715554;bccbc3df-cca9-11e8-a0ae-0340a2c69a59;c022b775-cca9-11e8-a7aa-47b83a8e70df
Parisian;Viviana;Maximo.Dare@email.com;0643434759;bccbc3df-cca9-11e8-a0ae-0340a2c69a59;c022b775-cca9-11e8-a7aa-47b83a8e70df
Corwin;Mina;Cathey.Boehm@email.com;063664326;bccbc3df-cca9-11e8-a0ae-0340a2c69a59;c022b775-cca9-11e8-a7aa-47b83a8e70df
Pfannerstill;Barbie;Mckenna.Marquardt@email.com;0627618092;bccbc3df-cca9-11e8-a0ae-0340a2c69a59;c022b775-cca9-11e8-a7aa-47b83a8e70df
Zemlak;Claus;Aliyah.Rowe@email.com;0658806269;bccbc3df-cca9-11e8-a0ae-0340a2c69a59;c022b775-cca9-11e8-a7aa-47b83a8e70df
Gulgowski;Maud;Coletta.Kassulke@email.com;0739469844;bccbc3df-cca9-11e8-a0ae-0340a2c69a59;c022b775-cca9-11e8-a7aa-47b83a8e70df
McCullough;Jayme;Brandie.Walker@email.com;0781602655;bccbc3df-cca9-11e8-a0ae-0340a2c69a59;c022b775-cca9-11e8-a7aa-47b83a8e70df
Beatty;Kraig;Jarad.Botsford@email.com;0689204395;bccbc3df-cca9-11e8-a0ae-0340a2c69a59;c022b775-cca9-11e8-a7aa-47b83a8e70df
Terry;Mae;Krista.Kuhlman@email.com;0743895465;bccbc3df-cca9-11e8-a0ae-0340a2c69a59;c022b775-cca9-11e8-a7aa-47b83a8e70df
Lueilwitz;Parlee;Kathern.Langworth@email.com;0669410742;bccbc3df-cca9-11e8-a0ae-0340a2c69a59;c022b775-cca9-11e8-a7aa-47b83a8e70df
Langosh;Maranda;Maury.O\Hara@email.com;0752875114;bccbc3df-cca9-11e8-a0ae-0340a2c69a59;c022b775-cca9-11e8-a7aa-47b83a8e70df
Nicolas;Hailee;Dariana.Murazik@email.com;0616339286;bccbc3df-cca9-11e8-a0ae-0340a2c69a59;c022b775-cca9-11e8-a7aa-47b83a8e70df
Feeney;Tamie;Kylan.Hoppe@email.com;0746481033;bccbc3df-cca9-11e8-a0ae-0340a2c69a59;c022b775-cca9-11e8-a7aa-47b83a8e70df
Dare;Pearla;Loria.Veum@email.com;0649329044;bccbc3df-cca9-11e8-a0ae-0340a2c69a59;c022b775-cca9-11e8-a7aa-47b83a8e70df
Durgan;Madelynn;Marcy.Kirlin@email.com;0625081667;bccbc3df-cca9-11e8-a0ae-0340a2c69a59;c022b775-cca9-11e8-a7aa-47b83a8e70df
Schaden;Hosie;Isamar.Anderson@email.com;0648060714;bccbc3df-cca9-11e8-a0ae-0340a2c69a59;c022b775-cca9-11e8-a7aa-47b83a8e70df
Runte;Mollie;Meaghan.Williamson@email.com;0674649022;bccbc3df-cca9-11e8-a0ae-0340a2c69a59;c022b775-cca9-11e8-a7aa-47b83a8e70df
Schiller;Kiara;Eusebio.Conn@email.com;0763855062;bccbc3df-cca9-11e8-a0ae-0340a2c69a59;c022b775-cca9-11e8-a7aa-47b83a8e70df
Johnston;Karley;Mara.Funk@email.com;0657301689;bccbc3df-cca9-11e8-a0ae-0340a2c69a59;c022b775-cca9-11e8-a7aa-47b83a8e70df
Lueilwitz;Ocie;Susann.Ward@email.com;074218458;bccbc3df-cca9-11e8-a0ae-0340a2c69a59;c022b775-cca9-11e8-a7aa-47b83a8e70df
Price;Karlie;Urban.Stiedemann@email.com;0730225523;bccbc3df-cca9-11e8-a0ae-0340a2c69a59;c022b775-cca9-11e8-a7aa-47b83a8e70df
Schumm;Kayden;Pearly.Baumbach@email.com;0690233543;bccbc3df-cca9-11e8-a0ae-0340a2c69a59;c022b775-cca9-11e8-a7aa-47b83a8e70df
McGlynn;Pierce;Adelina.Bednar@email.com;0690771778;bccbc3df-cca9-11e8-a0ae-0340a2c69a59;c022b775-cca9-11e8-a7aa-47b83a8e70df
Goodwin;Metta;Elgie.Boehm@email.com;0632359681;bccbc3df-cca9-11e8-a0ae-0340a2c69a59;c022b775-cca9-11e8-a7aa-47b83a8e70df
Ebert;Jaxson;Lalla.Collier@email.com;0757233033;bccbc3df-cca9-11e8-a0ae-0340a2c69a59;c022b775-cca9-11e8-a7aa-47b83a8e70df
Lubowitz;Burrel;Yasmeen.Johnston@email.com;0796788300;bccbc3df-cca9-11e8-a0ae-0340a2c69a59;c022b775-cca9-11e8-a7aa-47b83a8e70df
Wyman;Fitzhugh;Asa.Kub@email.com;0620282774;bccbc3df-cca9-11e8-a0ae-0340a2c69a59;c022b775-cca9-11e8-a7aa-47b83a8e70df
Hirthe;Leonidas;Marguerite.Shields@email.com;077514861;bccbc3df-cca9-11e8-a0ae-0340a2c69a59;c022b775-cca9-11e8-a7aa-47b83a8e70df
Tremblay;Brennan;Celestino.Greenfelder@email.com;0734705741;bccbc3df-cca9-11e8-a0ae-0340a2c69a59;c022b775-cca9-11e8-a7aa-47b83a8e70df
Koss;Ashtyn;Nelie.Runte@email.com;0631570283;bccbc3df-cca9-11e8-a0ae-0340a2c69a59;c022b775-cca9-11e8-a7aa-47b83a8e70df
Bartell;Francis;Lex.Cormier@email.com;0655076648;bccbc3df-cca9-11e8-a0ae-0340a2c69a59;c022b775-cca9-11e8-a7aa-47b83a8e70df
Marvin;Jamel;Leatrice.Kuhlman@email.com;0764131524;bccbc3df-cca9-11e8-a0ae-0340a2c69a59;c022b775-cca9-11e8-a7aa-47b83a8e70df
Hessel;Lacy;Derrell.Zulauf@email.com;0631690559;bccbc3df-cca9-11e8-a0ae-0340a2c69a59;c022b775-cca9-11e8-a7aa-47b83a8e70df
Lockman;Rachelle;Tylor.Kunze@email.com;0699401036;bccbc3df-cca9-11e8-a0ae-0340a2c69a59;c022b775-cca9-11e8-a7aa-47b83a8e70df
Pollich;Draven;Ricky.Lynch@email.com;0619201200;bccbc3df-cca9-11e8-a0ae-0340a2c69a59;c022b775-cca9-11e8-a7aa-47b83a8e70df
Brown;Lakeshia;Jonnie.Smitham@email.com;0787871107;bccbc3df-cca9-11e8-a0ae-0340a2c69a59;c022b775-cca9-11e8-a7aa-47b83a8e70df
Hahn;Winston;Antone.Grady@email.com;0659681750;bccbc3df-cca9-11e8-a0ae-0340a2c69a59;c022b775-cca9-11e8-a7aa-47b83a8e70df
Stanton;Melodee;Infant.Romaguera@email.com;0656794331;bccbc3df-cca9-11e8-a0ae-0340a2c69a59;c022b775-cca9-11e8-a7aa-47b83a8e70df
Yost;Redmond;Hellen.Kozey@email.com;06537010;bccbc3df-cca9-11e8-a0ae-0340a2c69a59;c022b775-cca9-11e8-a7aa-47b83a8e70df
Lind;Duke;Arlen.Schiller@email.com;0685358362;bccbc3df-cca9-11e8-a0ae-0340a2c69a59;c022b775-cca9-11e8-a7aa-47b83a8e70df
Breitenberg;Ward;Lorelai.Koch@email.com;0627875646;bccbc3df-cca9-11e8-a0ae-0340a2c69a59;c022b775-cca9-11e8-a7aa-47b83a8e70df
Durgan;Halle;Joella.Konopelski@email.com;0799087630;bccbc3df-cca9-11e8-a0ae-0340a2c69a59;c022b775-cca9-11e8-a7aa-47b83a8e70df
Gerlach;Braylen;Mitchell.Goodwin@email.com;0782278177;bccbc3df-cca9-11e8-a0ae-0340a2c69a59;c022b775-cca9-11e8-a7aa-47b83a8e70df
Becker;Luda;Syble.Grady@email.com;0630802055;bccbc3df-cca9-11e8-a0ae-0340a2c69a59;c022b775-cca9-11e8-a7aa-47b83a8e70df
Balistreri;Caitlin;Berry.Legros@email.com;067792698;bccbc3df-cca9-11e8-a0ae-0340a2c69a59;c022b775-cca9-11e8-a7aa-47b83a8e70df
Ritchie;Boston;Ilona.Harber@email.com;0640382738;bccbc3df-cca9-11e8-a0ae-0340a2c69a59;c022b775-cca9-11e8-a7aa-47b83a8e70df
Berge;Hosie;Ted.Cormier@email.com;0734653879;bccbc3df-cca9-11e8-a0ae-0340a2c69a59;c022b775-cca9-11e8-a7aa-47b83a8e70df
Walker;Franklyn;Cameron.Rutherford@email.com;0679287346;bccbc3df-cca9-11e8-a0ae-0340a2c69a59;c022b775-cca9-11e8-a7aa-47b83a8e70df
Wiegand;Memphis;Brionna.Effertz@email.com;0645846313;bccbc3df-cca9-11e8-a0ae-0340a2c69a59;c022b775-cca9-11e8-a7aa-47b83a8e70df
Harris;Larae;Marolyn.Harris@email.com;0779936773;bccbc3df-cca9-11e8-a0ae-0340a2c69a59;c022b775-cca9-11e8-a7aa-47b83a8e70df
Thiel;Coleen;Jenna.Predovic@email.com;0714087654;bccbc3df-cca9-11e8-a0ae-0340a2c69a59;c022b775-cca9-11e8-a7aa-47b83a8e70df
Mayer;York;Buddie.Sporer@email.com;0790572634;bccbc3df-cca9-11e8-a0ae-0340a2c69a59;c022b775-cca9-11e8-a7aa-47b83a8e70df
Gaylord;Azul;Louann.Altenwerth@email.com;0754885482;bccbc3df-cca9-11e8-a0ae-0340a2c69a59;c022b775-cca9-11e8-a7aa-47b83a8e70df
Hettinger;Powell;Wilford.Murazik@email.com;0614502540;bccbc3df-cca9-11e8-a0ae-0340a2c69a59;c022b775-cca9-11e8-a7aa-47b83a8e70df
Kris;Sie;Leticia.Dooley@email.com;0769464541;bccbc3df-cca9-11e8-a0ae-0340a2c69a59;c022b775-cca9-11e8-a7aa-47b83a8e70df
Stark;Reece;Erykah.Huel@email.com;0738085399;bccbc3df-cca9-11e8-a0ae-0340a2c69a59;c022b775-cca9-11e8-a7aa-47b83a8e70df
Fahey;Brandy;Cris.Orn@email.com;0787710969;bccbc3df-cca9-11e8-a0ae-0340a2c69a59;c022b775-cca9-11e8-a7aa-47b83a8e70df
Cassin;Clotilde;Neha.Stroman@email.com;0673665076;bccbc3df-cca9-11e8-a0ae-0340a2c69a59;c022b775-cca9-11e8-a7aa-47b83a8e70df
Spinka;Monserrat;Kayley.Rippin@email.com;0710530380;bccbc3df-cca9-11e8-a0ae-0340a2c69a59;c022b775-cca9-11e8-a7aa-47b83a8e70df
Goyette;Davin;Earlean.Gottlieb@email.com;0729807707;bccbc3df-cca9-11e8-a0ae-0340a2c69a59;c022b775-cca9-11e8-a7aa-47b83a8e70df
Dicki;Merna;Bryson.Bogan@email.com;077221339;bccbc3df-cca9-11e8-a0ae-0340a2c69a59;c022b775-cca9-11e8-a7aa-47b83a8e70df
Schimmel;Marci;Carolann.Sauer@email.com;0663457071;bccbc3df-cca9-11e8-a0ae-0340a2c69a59;c022b775-cca9-11e8-a7aa-47b83a8e70df
Wilderman;Justin;Jesse.Crist@email.com;0739978318;bccbc3df-cca9-11e8-a0ae-0340a2c69a59;c022b775-cca9-11e8-a7aa-47b83a8e70df
Gerlach;Cory;Zana.Ondricka@email.com;0695726026;bccbc3df-cca9-11e8-a0ae-0340a2c69a59;c022b775-cca9-11e8-a7aa-47b83a8e70df
Hegmann;Audry;Gale.Bogisich@email.com;0683731162;bccbc3df-cca9-11e8-a0ae-0340a2c69a59;c022b775-cca9-11e8-a7aa-47b83a8e70df
Koelpin;Latrell;Tiera.Price@email.com;0694253130;bccbc3df-cca9-11e8-a0ae-0340a2c69a59;c022b775-cca9-11e8-a7aa-47b83a8e70df
Bayer;Amit;Ethie.Carter@email.com;0776850055;bccbc3df-cca9-11e8-a0ae-0340a2c69a59;c022b775-cca9-11e8-a7aa-47b83a8e70df
Adams;Carie;Melton.Balistreri@email.com;0714929929;bccbc3df-cca9-11e8-a0ae-0340a2c69a59;c022b775-cca9-11e8-a7aa-47b83a8e70df
Schamberger;Gordon;Kyle.Schultz@email.com;0691904642;bccbc3df-cca9-11e8-a0ae-0340a2c69a59;c022b775-cca9-11e8-a7aa-47b83a8e70df
Monahan;Alina;Gayla.Franecki@email.com;0665698648;bccbc3df-cca9-11e8-a0ae-0340a2c69a59;c022b775-cca9-11e8-a7aa-47b83a8e70df
McClure;Johny;Math.Leannon@email.com;0639196629;bccbc3df-cca9-11e8-a0ae-0340a2c69a59;c022b775-cca9-11e8-a7aa-47b83a8e70df
White;Bronson;Talmadge.Kozey@email.com;0765054719;bccbc3df-cca9-11e8-a0ae-0340a2c69a59;c022b775-cca9-11e8-a7aa-47b83a8e70df
Boyle;Deonte;Elisabeth.Eichmann@email.com;0744215311;bccbc3df-cca9-11e8-a0ae-0340a2c69a59;c022b775-cca9-11e8-a7aa-47b83a8e70df
Parisian;Ephriam;George.VonRueden@email.com;0732413063;bccbc3df-cca9-11e8-a0ae-0340a2c69a59;c022b775-cca9-11e8-a7aa-47b83a8e70df
Romaguera;Shelton;Marley.Dietrich@email.com;0799043238;bccbc3df-cca9-11e8-a0ae-0340a2c69a59;c022b775-cca9-11e8-a7aa-47b83a8e70df
Shanahan;Dominique;Cruz.Nikolaus@email.com;0625597435;bccbc3df-cca9-11e8-a0ae-0340a2c69a59;c022b775-cca9-11e8-a7aa-47b83a8e70df
Waelchi;Burton;Jayme.Herzog@email.com;0767153648;bccbc3df-cca9-11e8-a0ae-0340a2c69a59;c022b775-cca9-11e8-a7aa-47b83a8e70df
Mann;Tasia;Branden.Jast@email.com;0796169295;bccbc3df-cca9-11e8-a0ae-0340a2c69a59;c022b775-cca9-11e8-a7aa-47b83a8e70df
Hackett;Ellsworth;Mozella.Bogisich@email.com;0691728270;bccbc3df-cca9-11e8-a0ae-0340a2c69a59;c022b775-cca9-11e8-a7aa-47b83a8e70df
Cummings;Darren;Elbert.Hills@email.com;0688333908;bccbc3df-cca9-11e8-a0ae-0340a2c69a59;c022b775-cca9-11e8-a7aa-47b83a8e70df
Friesen;Fanny;Ethie.Walsh@email.com;071904817;bccbc3df-cca9-11e8-a0ae-0340a2c69a59;c022b775-cca9-11e8-a7aa-47b83a8e70df
Kuhlman;Vere;Ronna.Dickens@email.com;065204903;bccbc3df-cca9-11e8-a0ae-0340a2c69a59;c022b775-cca9-11e8-a7aa-47b83a8e70df
Kohler;Christie;Shawn.Beier@email.com;0689062111;bccbc3df-cca9-11e8-a0ae-0340a2c69a59;c022b775-cca9-11e8-a7aa-47b83a8e70df
Krajcik;Adison;Shanice.Stamm@email.com;0658375781;bccbc3df-cca9-11e8-a0ae-0340a2c69a59;c022b775-cca9-11e8-a7aa-47b83a8e70df
Macejkovic;Ancel;Summer.Nitzsche@email.com;0751411556;bccbc3df-cca9-11e8-a0ae-0340a2c69a59;c022b775-cca9-11e8-a7aa-47b83a8e70df
Kautzer;Lee;Jaylah.Carroll@email.com;062045369;bccbc3df-cca9-11e8-a0ae-0340a2c69a59;c022b775-cca9-11e8-a7aa-47b83a8e70df
Mohr;Dellie;Orlando.O\Kon@email.com;0690720595;bccbc3df-cca9-11e8-a0ae-0340a2c69a59;c022b775-cca9-11e8-a7aa-47b83a8e70df
Orn;Seaborn;Dessie.Hills@email.com;0759857899;bccbc3df-cca9-11e8-a0ae-0340a2c69a59;c022b775-cca9-11e8-a7aa-47b83a8e70df
Fadel;Perley;Renita.Cassin@email.com;076836710;bccbc3df-cca9-11e8-a0ae-0340a2c69a59;c022b775-cca9-11e8-a7aa-47b83a8e70df
Yost;Loula;Suzanna.Swaniawski@email.com;0743595182;bccbc3df-cca9-11e8-a0ae-0340a2c69a59;c022b775-cca9-11e8-a7aa-47b83a8e70df
Hilpert;Ethyle;Alvena.Koelpin@email.com;0637171249;bccbc3df-cca9-11e8-a0ae-0340a2c69a59;c022b775-cca9-11e8-a7aa-47b83a8e70df
Green;Exa;Vern.Johns@email.com;0784477552;bccbc3df-cca9-11e8-a0ae-0340a2c69a59;c022b775-cca9-11e8-a7aa-47b83a8e70df
Mosciski;Colonel;Jensen.Jerde@email.com;0678326842;bccbc3df-cca9-11e8-a0ae-0340a2c69a59;c022b775-cca9-11e8-a7aa-47b83a8e70df
Funk;Destry;Atticus.Thiel@email.com;0617885481;bccbc3df-cca9-11e8-a0ae-0340a2c69a59;c022b775-cca9-11e8-a7aa-47b83a8e70df
Cormier;Keli;Scottie.Hermiston@email.com;0666499757;bccbc3df-cca9-11e8-a0ae-0340a2c69a59;c022b775-cca9-11e8-a7aa-47b83a8e70df
Cronin;Asia;Arley.Rau@email.com;0640110771;bccbc3df-cca9-11e8-a0ae-0340a2c69a59;c022b775-cca9-11e8-a7aa-47b83a8e70df
